label,trial,gait
idle,1,3.500785e+01
idle,1,6.004710e+01
idle,1,8.500785e+01
walk-rampascent,1,1.004444e+01
walk-rampascent,1,3.502222e+01
walk-rampascent,1,6.008889e+01
walk-rampascent,1,8.506667e+01
rampascent,1,1.007621e+01
rampascent,1,3.505504e+01
rampascent,1,6.003387e+01
rampascent,1,8.501270e+01
rampascent,1,1.001656e+01
rampascent,1,3.501656e+01
rampascent,1,6.001656e+01
rampascent,1,8.501656e+01
rampascent-walk,1,1.007026e+01
rampascent-walk,1,3.505074e+01
rampascent-walk,1,6.003123e+01
rampascent-walk,1,8.501171e+01
idle,1,1.006711e+01
idle,1,3.503356e+01
idle,1,6.006711e+01
idle,1,8.503356e+01
idle,1,1.034483e+01
idle,1,3.524904e+01
idle,1,6.015326e+01
idle,1,8.505747e+01
idle,1,1.007557e+01
idle,1,3.501259e+01
idle,1,6.007557e+01
idle,1,8.501259e+01
idle,1,1.006144e+01
idle,1,3.502304e+01
idle,1,6.006144e+01
idle,1,8.502304e+01
idle,1,1.008000e+01
idle,1,3.504000e+01
idle,1,6.008000e+01
idle,1,8.504000e+01
walk-rampdescent,1,1.005386e+01
walk-rampdescent,1,3.500898e+01
walk-rampdescent,1,6.005386e+01
walk-rampdescent,1,8.500898e+01
rampdescent,1,1.000863e+01
rampdescent,1,3.503020e+01
rampdescent,1,6.005177e+01
rampdescent,1,8.507334e+01
rampdescent,1,1.001727e+01
rampdescent,1,3.506045e+01
rampdescent,1,6.001727e+01
rampdescent,1,8.506045e+01
rampdescent-walk,1,1.005199e+01
rampdescent-walk,1,3.500867e+01
rampdescent-walk,1,6.005199e+01
rampdescent-walk,1,8.500867e+01
idle,1,1.012931e+01
idle,1,3.512931e+01
idle,1,6.012931e+01
idle,1,8.512931e+01
idle,2,3.502582e+01
idle,2,6.006885e+01
idle,2,8.502582e+01
walk-rampascent,2,1.003344e+01
walk-rampascent,2,3.503344e+01
walk-rampascent,2,6.003344e+01
walk-rampascent,2,8.503344e+01
rampascent,2,1.008696e+01
rampascent,2,3.504348e+01
rampascent,2,6.008696e+01
rampascent,2,8.504348e+01
rampascent,2,1.008264e+01
rampascent,2,3.504132e+01
rampascent,2,6.008264e+01
rampascent,2,8.504132e+01
rampascent-walk,2,1.000801e+01
rampascent-walk,2,3.506805e+01
rampascent-walk,2,6.004804e+01
rampascent-walk,2,8.502802e+01
idle,2,1.005666e+01
idle,2,3.505666e+01
idle,2,6.005666e+01
idle,2,8.505666e+01
idle,2,1.019608e+01
idle,2,3.529412e+01
idle,2,6.039216e+01
idle,2,8.509804e+01
idle,2,1.000944e+01
idle,2,3.503305e+01
idle,2,6.005666e+01
idle,2,8.508026e+01
idle,2,1.008729e+01
idle,2,3.501455e+01
idle,2,6.003880e+01
idle,2,8.506305e+01
idle,2,1.004399e+01
idle,2,3.504399e+01
idle,2,6.004399e+01
idle,2,8.504399e+01
walk-rampdescent,2,1.006885e+01
walk-rampdescent,2,3.502582e+01
walk-rampdescent,2,6.006885e+01
walk-rampdescent,2,8.502582e+01
rampdescent,2,1.009009e+01
rampdescent,2,3.504505e+01
rampdescent,2,6.009009e+01
rampdescent,2,8.504505e+01
rampdescent,2,1.009174e+01
rampdescent,2,3.504587e+01
rampdescent,2,6.009174e+01
rampdescent,2,8.504587e+01
rampdescent-walk,2,1.003401e+01
rampdescent-walk,2,3.503401e+01
rampdescent-walk,2,6.003401e+01
rampdescent-walk,2,8.503401e+01
idle,2,1.023810e+01
idle,2,3.523810e+01
idle,2,6.023810e+01
idle,2,8.523810e+01
idle,3,3.501684e+01
idle,3,6.001684e+01
idle,3,8.501684e+01
walk-rampascent,3,1.003344e+01
walk-rampascent,3,3.503344e+01
walk-rampascent,3,6.003344e+01
walk-rampascent,3,8.503344e+01
rampascent,3,1.008772e+01
rampascent,3,3.508772e+01
rampascent,3,6.008772e+01
rampascent,3,8.508772e+01
rampascent,3,1.004184e+01
rampascent,3,3.506276e+01
rampascent,3,6.008368e+01
rampascent,3,8.502092e+01
rampascent-walk,3,1.005499e+01
rampascent-walk,3,3.503535e+01
rampascent-walk,3,6.001571e+01
rampascent-walk,3,8.507463e+01
idle,3,1.008197e+01
idle,3,3.508197e+01
idle,3,6.008197e+01
idle,3,8.508197e+01
idle,3,1.006803e+01
idle,3,3.510204e+01
idle,3,6.013605e+01
idle,3,8.503401e+01
idle,3,1.001164e+01
idle,3,3.504075e+01
idle,3,6.006985e+01
idle,3,8.509895e+01
idle,3,1.012146e+01
idle,3,3.522267e+01
idle,3,6.032389e+01
idle,3,8.502024e+01
idle,3,1.001335e+01
idle,3,3.511348e+01
idle,3,6.008011e+01
idle,3,8.504673e+01
idle,3,1.007634e+01
idle,3,3.503817e+01
idle,3,6.007634e+01
idle,3,8.503817e+01
walk-rampdescent,3,1.000918e+01
walk-rampdescent,3,3.507805e+01
walk-rampdescent,3,6.005510e+01
walk-rampdescent,3,8.503214e+01
rampdescent,3,1.008547e+01
rampdescent,3,3.504274e+01
rampdescent,3,6.008547e+01
rampdescent,3,8.504274e+01
rampdescent,3,1.006178e+01
rampdescent,3,3.503972e+01
rampdescent,3,6.001765e+01
rampdescent,3,8.508385e+01
rampdescent-walk,3,1.000855e+01
rampdescent-walk,3,3.507271e+01
rampdescent-walk,3,6.005133e+01
rampdescent-walk,3,8.502994e+01
idle,3,1.016166e+01
idle,3,3.510393e+01
idle,3,6.004619e+01
idle,3,8.521940e+01
idle,4,3.500785e+01
idle,4,6.004710e+01
idle,4,8.500785e+01
walk-rampascent,4,1.000927e+01
walk-rampascent,4,3.503244e+01
walk-rampascent,4,6.005561e+01
walk-rampascent,4,8.507878e+01
rampascent,4,1.008929e+01
rampascent,4,3.508929e+01
rampascent,4,6.008929e+01
rampascent,4,8.508929e+01
rampascent,4,1.000870e+01
rampascent,4,3.507398e+01
rampascent,4,6.005222e+01
rampascent,4,8.503046e+01
rampascent-walk,4,1.001616e+01
rampascent-walk,4,3.505654e+01
rampascent-walk,4,6.001616e+01
rampascent-walk,4,8.505654e+01
idle,4,1.004213e+01
idle,4,3.504213e+01
idle,4,6.004213e+01
idle,4,8.504213e+01
idle,4,1.004831e+01
idle,4,3.507246e+01
idle,4,6.009662e+01
idle,4,8.502415e+01
idle,4,1.000910e+01
idle,4,3.503185e+01
idle,4,6.005460e+01
idle,4,8.507734e+01
idle,4,1.002486e+01
idle,4,3.504557e+01
idle,4,6.006628e+01
idle,4,8.500414e+01
walk-rampdescent,4,1.009174e+01
walk-rampdescent,4,3.504587e+01
walk-rampdescent,4,6.009174e+01
walk-rampdescent,4,8.504587e+01
rampdescent,4,1.007130e+01
rampdescent,4,3.502674e+01
rampdescent,4,6.007130e+01
rampdescent,4,8.502674e+01
rampdescent,4,1.007958e+01
rampdescent,4,3.501326e+01
rampdescent,4,6.003537e+01
rampdescent,4,8.505747e+01
rampdescent-walk,4,1.000834e+01
rampdescent-walk,4,3.502919e+01
rampdescent-walk,4,6.005004e+01
rampdescent-walk,4,8.507089e+01
idle,4,1.015119e+01
idle,4,3.520518e+01
idle,4,6.004320e+01
idle,4,8.509719e+01
idle,5,3.502455e+01
idle,5,6.006547e+01
idle,5,8.502455e+01
walk-rampascent,5,1.008475e+01
walk-rampascent,5,3.508475e+01
walk-rampascent,5,6.008475e+01
walk-rampascent,5,8.508475e+01
rampascent,5,1.003401e+01
rampascent,5,3.503401e+01
rampascent,5,6.003401e+01
rampascent,5,8.503401e+01
rampascent,5,1.003373e+01
rampascent,5,3.507589e+01
rampascent,5,6.003373e+01
rampascent,5,8.507589e+01
rampascent-walk,5,1.004498e+01
rampascent-walk,5,3.500750e+01
rampascent-walk,5,6.004498e+01
rampascent-walk,5,8.500750e+01
idle,5,1.002163e+01
idle,5,3.503965e+01
idle,5,6.005768e+01
idle,5,8.500360e+01
idle,5,1.002760e+01
idle,5,3.505060e+01
idle,5,6.007360e+01
idle,5,8.500460e+01
idle,5,1.006224e+01
idle,5,3.506224e+01
idle,5,6.006224e+01
idle,5,8.506224e+01
idle,5,1.000730e+01
idle,5,3.506209e+01
idle,5,6.004383e+01
idle,5,8.502557e+01
walk-rampdescent,5,1.005291e+01
walk-rampdescent,5,3.500882e+01
walk-rampdescent,5,6.005291e+01
walk-rampdescent,5,8.500882e+01
rampdescent,5,1.006711e+01
rampdescent,5,3.509108e+01
rampdescent,5,6.001918e+01
rampdescent,5,8.504314e+01
rampdescent,5,1.002786e+01
rampdescent,5,3.500464e+01
rampdescent,5,6.007428e+01
rampdescent,5,8.505107e+01
rampdescent-walk,5,1.007905e+01
rampdescent-walk,5,3.507905e+01
rampdescent-walk,5,6.007905e+01
rampdescent-walk,5,8.507905e+01
idle,5,1.002132e+01
idle,5,3.518124e+01
idle,5,6.012793e+01
idle,5,8.507463e+01
idle,1,6.012500e+01
idle,1,8.512500e+01
walk-rampascent,1,1.000848e+01
walk-rampascent,1,3.502969e+01
walk-rampascent,1,6.005089e+01
walk-rampascent,1,8.507209e+01
rampascent,1,1.001712e+01
rampascent,1,3.501712e+01
rampascent,1,6.001712e+01
rampascent,1,8.501712e+01
rampascent,1,1.004484e+01
rampascent,1,3.506726e+01
rampascent,1,6.008969e+01
rampascent,1,8.502242e+01
rampascent,1,1.002506e+01
rampascent,1,3.500418e+01
rampascent,1,6.006683e+01
rampascent,1,8.504595e+01
rampascent-walk,1,1.002854e+01
rampascent-walk,1,3.501834e+01
idle,1,6.000815e+01
idle,1,8.503873e+01
idle,1,1.005222e+01
idle,1,3.511749e+01
idle,1,6.005222e+01
idle,1,8.511749e+01
idle,1,1.005780e+01
idle,1,3.502890e+01
idle,1,6.011561e+01
idle,1,8.508671e+01
idle,1,1.002584e+01
idle,1,3.503876e+01
idle,1,6.005168e+01
idle,1,8.501292e+01
walk-rampdescent,1,1.000878e+01
walk-rampdescent,1,3.503073e+01
walk-rampdescent,1,6.005268e+01
walk-rampdescent,1,8.507463e+01
rampdescent,1,1.001805e+01
rampdescent,1,3.501805e+01
rampdescent,1,6.001805e+01
rampdescent,1,8.501805e+01
rampdescent,1,1.006124e+01
rampdescent,1,3.508311e+01
rampdescent,1,6.001750e+01
rampdescent,1,8.503937e+01
rampdescent,1,1.000782e+01
rampdescent,1,3.502737e+01
rampdescent,1,6.004691e+01
rampdescent,1,8.506646e+01
rampdescent-walk,1,1.009615e+01
rampdescent-walk,1,3.509615e+01
rampdescent-walk,1,6.009615e+01
rampdescent-walk,1,8.509615e+01
idle,2,6.009913e+01
idle,2,8.500620e+01
walk-rampascent,2,1.002465e+01
walk-rampascent,2,3.500411e+01
walk-rampascent,2,6.006574e+01
walk-rampascent,2,8.504519e+01
rampascent,2,1.004329e+01
rampascent,2,3.506494e+01
rampascent,2,6.008658e+01
rampascent,2,8.502165e+01
rampascent,2,1.000827e+01
rampascent,2,3.507031e+01
rampascent,2,6.004963e+01
rampascent,2,8.502895e+01
rampascent,2,1.006662e+01
rampascent,2,3.501110e+01
rampascent,2,6.002961e+01
rampascent,2,8.504811e+01
rampascent-walk,2,1.001573e+01
rampascent-walk,2,3.502884e+01
idle,2,6.004195e+01
idle,2,8.500262e+01
idle,2,1.009615e+01
idle,2,3.509615e+01
idle,2,6.009615e+01
idle,2,8.509615e+01
idle,2,1.003460e+01
idle,2,3.503460e+01
idle,2,6.003460e+01
idle,2,8.503460e+01
idle,2,1.004450e+01
idle,2,3.502861e+01
idle,2,6.001271e+01
idle,2,8.506039e+01
walk-rampdescent,2,1.007252e+01
walk-rampdescent,2,3.505238e+01
walk-rampdescent,2,6.003223e+01
walk-rampdescent,2,8.501209e+01
rampdescent,2,1.006071e+01
rampdescent,2,3.503903e+01
rampdescent,2,6.001735e+01
rampdescent,2,8.508239e+01
rampdescent,2,1.000834e+01
rampdescent,2,3.502919e+01
rampdescent,2,6.005004e+01
rampdescent,2,8.507089e+01
rampdescent,2,1.004862e+01
rampdescent,2,3.500810e+01
rampdescent,2,6.004862e+01
rampdescent,2,8.500810e+01
rampdescent-walk,2,1.006711e+01
rampdescent-walk,2,3.509108e+01
rampdescent-walk,2,6.001918e+01
rampdescent-walk,2,8.504314e+01
idle,3,6.005089e+01
idle,3,8.511450e+01
walk-rampascent,3,1.001495e+01
walk-rampascent,3,3.505232e+01
walk-rampascent,3,6.001495e+01
walk-rampascent,3,8.505232e+01
rampascent,3,1.004747e+01
rampascent,3,3.504747e+01
rampascent,3,6.004747e+01
rampascent,3,8.504747e+01
rampascent,3,1.007692e+01
rampascent,3,3.507692e+01
rampascent,3,6.007692e+01
rampascent,3,8.507692e+01
rampascent,3,1.002211e+01
rampascent,3,3.500368e+01
rampascent,3,6.005895e+01
rampascent,3,8.504053e+01
rampascent-walk,3,1.004410e+01
rampascent-walk,3,3.503185e+01
idle,3,6.001960e+01
idle,3,8.500735e+01
idle,3,1.001300e+01
idle,3,3.511053e+01
idle,3,6.007802e+01
idle,3,8.504551e+01
idle,3,1.001011e+01
idle,3,3.508595e+01
idle,3,6.006067e+01
idle,3,8.503539e+01
idle,3,1.001867e+01
idle,3,3.503423e+01
idle,3,6.004978e+01
idle,3,8.500311e+01
walk-rampdescent,3,1.000814e+01
walk-rampdescent,3,3.506916e+01
walk-rampdescent,3,6.004882e+01
walk-rampdescent,3,8.502848e+01
rampdescent,3,1.004049e+01
rampdescent,3,3.506073e+01
rampdescent,3,6.008097e+01
rampdescent,3,8.502024e+01
rampdescent,3,1.008130e+01
rampdescent,3,3.504065e+01
rampdescent,3,6.008130e+01
rampdescent,3,8.504065e+01
rampdescent,3,1.001603e+01
rampdescent,3,3.501603e+01
rampdescent,3,6.001603e+01
rampdescent,3,8.501603e+01
rampdescent-walk,3,1.006289e+01
rampdescent-walk,3,3.501048e+01
rampdescent-walk,3,6.006289e+01
rampdescent-walk,3,8.501048e+01
idle,4,6.013158e+01
idle,4,8.513158e+01
walk-rampascent,4,1.007026e+01
walk-rampascent,4,3.505074e+01
walk-rampascent,4,6.003123e+01
walk-rampascent,4,8.501171e+01
rampascent,4,1.003401e+01
rampascent,4,3.503401e+01
rampascent,4,6.003401e+01
rampascent,4,8.503401e+01
rampascent,4,1.008475e+01
rampascent,4,3.508475e+01
rampascent,4,6.008475e+01
rampascent,4,8.508475e+01
rampascent,4,1.007194e+01
rampascent,4,3.501199e+01
rampascent,4,6.003197e+01
rampascent,4,8.505196e+01
rampascent-walk,4,1.002425e+01
rampascent-walk,4,3.500404e+01
idle,4,6.002425e+01
idle,4,8.500404e+01
idle,4,1.001252e+01
idle,4,3.504380e+01
idle,4,6.007509e+01
idle,4,8.510638e+01
idle,4,1.003717e+01
idle,4,3.503717e+01
idle,4,6.003717e+01
idle,4,8.503717e+01
walk-rampdescent,4,1.004184e+01
walk-rampdescent,4,3.506276e+01
walk-rampdescent,4,6.008368e+01
walk-rampdescent,4,8.502092e+01
rampdescent,4,1.000855e+01
rampdescent,4,3.507271e+01
rampdescent,4,6.005133e+01
rampdescent,4,8.502994e+01
rampdescent,4,1.005819e+01
rampdescent,4,3.507897e+01
rampdescent,4,6.001663e+01
rampdescent,4,8.503741e+01
rampdescent,4,1.004862e+01
rampdescent,4,3.500810e+01
rampdescent,4,6.004862e+01
rampdescent,4,8.500810e+01
rampdescent-walk,4,1.001043e+01
rampdescent-walk,4,3.503650e+01
rampdescent-walk,4,6.006257e+01
rampdescent-walk,4,8.508863e+01
idle,5,6.002928e+01
idle,5,8.506589e+01
walk-rampascent,5,1.006768e+01
walk-rampascent,5,3.502538e+01
walk-rampascent,5,6.006768e+01
walk-rampascent,5,8.502538e+01
rampascent,5,1.002593e+01
rampascent,5,3.500432e+01
rampascent,5,6.006914e+01
rampascent,5,8.504754e+01
rampascent,5,1.007260e+01
rampascent,5,3.502722e+01
rampascent,5,6.007260e+01
rampascent,5,8.502722e+01
rampascent,5,1.005456e+01
rampascent,5,3.507405e+01
rampascent,5,6.001559e+01
rampascent,5,8.503507e+01
rampascent-walk,5,1.003119e+01
rampascent-walk,5,3.503119e+01
idle,5,6.003119e+01
idle,5,8.503119e+01
idle,5,1.012839e+01
idle,5,3.509272e+01
idle,5,6.005706e+01
idle,5,8.502140e+01
idle,5,1.001727e+01
idle,5,3.501727e+01
idle,5,6.001727e+01
idle,5,8.501727e+01
walk-rampdescent,5,1.008621e+01
walk-rampdescent,5,3.508621e+01
walk-rampdescent,5,6.008621e+01
walk-rampdescent,5,8.508621e+01
rampdescent,5,1.005338e+01
rampdescent,5,3.505338e+01
rampdescent,5,6.005338e+01
rampdescent,5,8.505338e+01
rampdescent,5,1.000886e+01
rampdescent,5,3.507529e+01
rampdescent,5,6.005314e+01
rampdescent,5,8.503100e+01
rampdescent,5,1.000863e+01
rampdescent,5,3.503020e+01
rampdescent,5,6.005177e+01
rampdescent,5,8.507334e+01
rampdescent-walk,5,1.002110e+01
rampdescent-walk,5,3.502110e+01
rampdescent-walk,5,6.002110e+01
rampdescent-walk,5,8.502110e+01
idle,1,3.508065e+01
idle,1,6.008065e+01
idle,1,8.508065e+01
walk-rampascent,1,1.003584e+01
walk-rampascent,1,3.503584e+01
walk-rampascent,1,6.003584e+01
walk-rampascent,1,8.503584e+01
rampascent,1,1.009174e+01
rampascent,1,3.504587e+01
rampascent,1,6.009174e+01
rampascent,1,8.504587e+01
rampascent,1,1.002686e+01
rampascent,1,3.500448e+01
rampascent,1,6.007162e+01
rampascent,1,8.504924e+01
rampascent-walk,1,1.006656e+01
rampascent-walk,1,3.502496e+01
rampascent-walk,1,6.006656e+01
rampascent-walk,1,8.502496e+01
idle,1,1.004260e+01
idle,1,3.505782e+01
idle,1,6.001217e+01
idle,1,8.502739e+01
idle,1,1.009501e+01
idle,1,3.503563e+01
idle,1,6.009501e+01
idle,1,8.503563e+01
idle,1,1.005535e+01
idle,1,3.505535e+01
idle,1,6.005535e+01
idle,1,8.505535e+01
idle,1,1.003401e+01
idle,1,3.503401e+01
idle,1,6.003401e+01
idle,1,8.503401e+01
walk-rampdescent,1,1.004926e+01
walk-rampdescent,1,3.507389e+01
walk-rampdescent,1,6.009852e+01
walk-rampdescent,1,8.502463e+01
rampdescent,1,1.005025e+01
rampdescent,1,3.507538e+01
rampdescent,1,6.010050e+01
rampdescent,1,8.502513e+01
rampdescent,1,1.004525e+01
rampdescent,1,3.502262e+01
rampdescent,1,6.009050e+01
rampdescent,1,8.506787e+01
rampdescent-walk,1,1.007130e+01
rampdescent-walk,1,3.502674e+01
rampdescent-walk,1,6.007130e+01
rampdescent-walk,1,8.502674e+01
idle,1,1.013216e+01
idle,1,3.502203e+01
idle,1,6.013216e+01
idle,1,8.502203e+01
idle,2,3.504762e+01
idle,2,6.009524e+01
idle,2,8.504762e+01
walk-rampascent,2,1.000870e+01
walk-rampascent,2,3.507398e+01
walk-rampascent,2,6.005222e+01
walk-rampascent,2,8.503046e+01
rampascent,2,1.004484e+01
rampascent,2,3.506726e+01
rampascent,2,6.008969e+01
rampascent,2,8.502242e+01
rampascent,2,1.001742e+01
rampascent,2,3.501742e+01
rampascent,2,6.001742e+01
rampascent,2,8.501742e+01
rampascent-walk,2,1.005819e+01
rampascent-walk,2,3.507897e+01
rampascent-walk,2,6.001663e+01
rampascent-walk,2,8.503741e+01
idle,2,1.006098e+01
idle,2,3.506098e+01
idle,2,6.006098e+01
idle,2,8.506098e+01
idle,2,1.003501e+01
idle,2,3.500583e+01
idle,2,6.009335e+01
idle,2,8.506418e+01
idle,2,1.009259e+01
idle,2,3.509259e+01
idle,2,6.009259e+01
idle,2,8.509259e+01
idle,2,1.001656e+01
idle,2,3.501656e+01
idle,2,6.001656e+01
idle,2,8.501656e+01
walk-rampdescent,2,1.008483e+01
walk-rampdescent,2,3.506126e+01
walk-rampdescent,2,6.003770e+01
walk-rampdescent,2,8.501414e+01
rampdescent,2,1.000944e+01
rampdescent,2,3.503305e+01
rampdescent,2,6.005666e+01
rampdescent,2,8.508026e+01
rampdescent,2,1.002639e+01
rampdescent,2,3.500440e+01
rampdescent,2,6.007036e+01
rampdescent,2,8.504837e+01
rampdescent-walk,2,1.004149e+01
rampdescent-walk,2,3.502075e+01
rampdescent-walk,2,6.008299e+01
rampdescent-walk,2,8.506224e+01
idle,2,1.001927e+01
idle,2,3.506744e+01
idle,2,6.011561e+01
idle,2,8.516378e+01
idle,3,3.500882e+01
idle,3,6.005291e+01
idle,3,8.500882e+01
walk-rampascent,3,1.009091e+01
walk-rampascent,3,3.509091e+01
walk-rampascent,3,6.009091e+01
walk-rampascent,3,8.509091e+01
rampascent,3,1.002735e+01
rampascent,3,3.500456e+01
rampascent,3,6.007293e+01
rampascent,3,8.505014e+01
rampascent,3,1.007260e+01
rampascent,3,3.502722e+01
rampascent,3,6.007260e+01
rampascent,3,8.502722e+01
rampascent-walk,3,1.005819e+01
rampascent-walk,3,3.507897e+01
rampascent-walk,3,6.001663e+01
rampascent-walk,3,8.503741e+01
idle,3,1.003650e+01
idle,3,3.503650e+01
idle,3,6.003650e+01
idle,3,8.503650e+01
idle,3,1.007026e+01
idle,3,3.501171e+01
idle,3,6.007026e+01
idle,3,8.501171e+01
idle,3,1.008111e+01
idle,3,3.511008e+01
idle,3,6.002317e+01
idle,3,8.505214e+01
idle,3,1.003373e+01
idle,3,3.507589e+01
idle,3,6.003373e+01
idle,3,8.507589e+01
walk-rampdescent,3,1.005587e+01
walk-rampdescent,3,3.500931e+01
walk-rampdescent,3,6.005587e+01
walk-rampdescent,3,8.500931e+01
rampdescent,3,1.005386e+01
rampdescent,3,3.500898e+01
rampdescent,3,6.005386e+01
rampdescent,3,8.500898e+01
rampdescent,3,1.006019e+01
rampdescent,3,3.508169e+01
rampdescent,3,6.001720e+01
rampdescent,3,8.503869e+01
rampdescent-walk,3,1.005155e+01
rampdescent-walk,3,3.505155e+01
rampdescent-walk,3,6.005155e+01
rampdescent-walk,3,8.505155e+01
idle,3,1.001927e+01
idle,3,3.506744e+01
idle,3,6.011561e+01
idle,3,8.516378e+01
idle,4,3.506151e+01
idle,4,6.001757e+01
idle,4,8.506151e+01
walk-rampascent,4,1.005338e+01
walk-rampascent,4,3.505338e+01
walk-rampascent,4,6.005338e+01
walk-rampascent,4,8.505338e+01
rampascent,4,1.006404e+01
rampascent,4,3.504117e+01
rampascent,4,6.001830e+01
rampascent,4,8.508692e+01
rampascent,4,1.004525e+01
rampascent,4,3.502262e+01
rampascent,4,6.009050e+01
rampascent,4,8.506787e+01
rampascent-walk,4,1.000764e+01
rampascent-walk,4,3.506494e+01
rampascent-walk,4,6.004584e+01
rampascent-walk,4,8.502674e+01
idle,4,1.000715e+01
idle,4,3.502502e+01
idle,4,6.004289e+01
idle,4,8.506076e+01
idle,4,1.006369e+01
idle,4,3.503185e+01
idle,4,6.012739e+01
idle,4,8.509554e+01
idle,4,1.006648e+01
idle,4,3.504274e+01
idle,4,6.001899e+01
idle,4,8.509022e+01
idle,4,1.000770e+01
idle,4,3.502694e+01
idle,4,6.004619e+01
idle,4,8.506543e+01
walk-rampdescent,4,1.003976e+01
walk-rampdescent,4,3.508946e+01
walk-rampdescent,4,6.003976e+01
walk-rampdescent,4,8.508946e+01
rampdescent,4,1.003824e+01
rampdescent,4,3.508604e+01
rampdescent,4,6.003824e+01
rampdescent,4,8.508604e+01
rampdescent,4,1.008326e+01
rampdescent,4,3.506013e+01
rampdescent,4,6.003700e+01
rampdescent,4,8.501388e+01
rampdescent-walk,4,1.008929e+01
rampdescent-walk,4,3.508929e+01
rampdescent-walk,4,6.008929e+01
rampdescent-walk,4,8.508929e+01
idle,4,1.006160e+01
idle,4,3.511294e+01
idle,4,6.016427e+01
idle,4,8.501027e+01
idle,5,3.505060e+01
idle,5,6.007360e+01
idle,5,8.500460e+01
walk-rampascent,5,1.008772e+01
walk-rampascent,5,3.508772e+01
walk-rampascent,5,6.008772e+01
walk-rampascent,5,8.508772e+01
rampascent,5,1.005435e+01
rampascent,5,3.505435e+01
rampascent,5,6.005435e+01
rampascent,5,8.505435e+01
rampascent,5,1.000902e+01
rampascent,5,3.507665e+01
rampascent,5,6.005410e+01
rampascent,5,8.503156e+01
rampascent-walk,5,1.004823e+01
rampascent-walk,5,3.504823e+01
rampascent-walk,5,6.004823e+01
rampascent-walk,5,8.504823e+01
idle,5,1.001939e+01
idle,5,3.503555e+01
idle,5,6.005171e+01
idle,5,8.500323e+01
idle,5,1.010702e+01
idle,5,3.507729e+01
idle,5,6.004756e+01
idle,5,8.501784e+01
idle,5,1.004525e+01
idle,5,3.502262e+01
idle,5,6.009050e+01
idle,5,8.506787e+01
idle,5,1.007137e+01
idle,5,3.505155e+01
idle,5,6.003172e+01
idle,5,8.501190e+01
walk-rampdescent,5,1.004566e+01
walk-rampdescent,5,3.506849e+01
walk-rampdescent,5,6.009132e+01
walk-rampdescent,5,8.502283e+01
rampdescent,5,1.009709e+01
rampdescent,5,3.504854e+01
rampdescent,5,6.009709e+01
rampdescent,5,8.504854e+01
rampdescent,5,1.001773e+01
rampdescent,5,3.501773e+01
rampdescent,5,6.001773e+01
rampdescent,5,8.501773e+01
rampdescent-walk,5,1.000841e+01
rampdescent-walk,5,3.507149e+01
rampdescent-walk,5,6.005046e+01
rampdescent-walk,5,8.502944e+01
idle,5,1.010274e+01
idle,5,3.510274e+01
idle,5,6.010274e+01
idle,5,8.510274e+01
idle,1,6.012903e+01
idle,1,8.503226e+01
walk-rampascent,1,1.004608e+01
walk-rampascent,1,3.502304e+01
walk-rampascent,1,6.009217e+01
walk-rampascent,1,8.506912e+01
rampascent,1,1.000972e+01
rampascent,1,3.508260e+01
rampascent,1,6.005831e+01
rampascent,1,8.503401e+01
rampascent,1,1.001984e+01
rampascent,1,3.501984e+01
rampascent,1,6.001984e+01
rampascent,1,8.501984e+01
rampascent,1,1.008772e+01
rampascent,1,3.508772e+01
rampascent,1,6.008772e+01
rampascent,1,8.508772e+01
rampascent-walk,1,1.004367e+01
rampascent-walk,1,3.500728e+01
rampascent-walk,1,6.004367e+01
idle,1,8.500728e+01
idle,1,1.016393e+01
idle,1,3.508197e+01
idle,1,6.016393e+01
idle,1,8.508197e+01
idle,1,1.003297e+01
idle,1,3.504475e+01
idle,1,6.000942e+01
idle,1,8.502120e+01
walk-rampdescent,1,1.000927e+01
walk-rampdescent,1,3.503244e+01
walk-rampdescent,1,6.005561e+01
walk-rampdescent,1,8.507878e+01
rampdescent,1,1.001001e+01
rampdescent,1,3.503504e+01
rampdescent,1,6.006006e+01
rampdescent,1,8.508509e+01
rampdescent,1,1.006711e+01
rampdescent,1,3.509108e+01
rampdescent,1,6.001918e+01
rampdescent,1,8.504314e+01
rampdescent,1,1.008729e+01
rampdescent,1,3.501455e+01
rampdescent,1,6.003880e+01
rampdescent,1,8.506305e+01
rampdescent-walk,1,1.003168e+01
rampdescent-walk,1,3.505808e+01
rampdescent-walk,1,6.008448e+01
rampdescent-walk,1,8.500528e+01
idle,2,6.011396e+01
idle,2,8.504274e+01
walk-rampascent,2,1.008326e+01
walk-rampascent,2,3.506013e+01
walk-rampascent,2,6.003700e+01
walk-rampascent,2,8.501388e+01
rampascent,2,1.004695e+01
rampascent,2,3.502347e+01
rampascent,2,6.009390e+01
rampascent,2,8.507042e+01
rampascent,2,1.001805e+01
rampascent,2,3.501805e+01
rampascent,2,6.001805e+01
rampascent,2,8.501805e+01
rampascent,2,1.000841e+01
rampascent,2,3.507149e+01
rampascent,2,6.005046e+01
rampascent,2,8.502944e+01
rampascent-walk,2,1.002979e+01
rampascent-walk,2,3.500497e+01
idle,2,6.002979e+01
idle,2,8.500497e+01
idle,2,1.008815e+01
idle,2,3.506366e+01
idle,2,6.003918e+01
idle,2,8.501469e+01
idle,2,1.008646e+01
idle,2,3.515850e+01
idle,2,6.023055e+01
idle,2,8.501441e+01
idle,2,1.030534e+01
idle,2,3.511450e+01
idle,2,6.030534e+01
idle,2,8.511450e+01
idle,2,1.010499e+01
idle,2,3.503937e+01
idle,2,6.010499e+01
idle,2,8.503937e+01
walk-rampdescent,2,1.003373e+01
walk-rampdescent,2,3.507589e+01
walk-rampdescent,2,6.003373e+01
walk-rampdescent,2,8.507589e+01
rampdescent,2,1.002921e+01
rampdescent,2,3.505355e+01
rampdescent,2,6.007790e+01
rampdescent,2,8.500487e+01
rampdescent,2,1.003717e+01
rampdescent,2,3.503717e+01
rampdescent,2,6.003717e+01
rampdescent,2,8.503717e+01
rampdescent,2,1.005639e+01
rampdescent,2,3.505639e+01
rampdescent,2,6.005639e+01
rampdescent,2,8.505639e+01
rampdescent-walk,2,1.008316e+01
rampdescent-walk,2,3.503119e+01
rampdescent-walk,2,6.008316e+01
rampdescent-walk,2,8.503119e+01
idle,3,6.005435e+01
idle,3,8.505435e+01
walk-rampascent,3,1.007958e+01
walk-rampascent,3,3.501326e+01
walk-rampascent,3,6.003537e+01
walk-rampascent,3,8.505747e+01
rampascent,3,1.009346e+01
rampascent,3,3.504673e+01
rampascent,3,6.009346e+01
rampascent,3,8.504673e+01
rampascent,3,1.009709e+01
rampascent,3,3.504854e+01
rampascent,3,6.009709e+01
rampascent,3,8.504854e+01
rampascent,3,1.004525e+01
rampascent,3,3.502262e+01
rampascent,3,6.009050e+01
rampascent,3,8.506787e+01
rampascent-walk,3,1.004391e+01
rampascent-walk,3,3.501647e+01
idle,3,6.004391e+01
idle,3,8.501647e+01
idle,3,1.010886e+01
idle,3,3.514774e+01
idle,3,6.003110e+01
idle,3,8.506998e+01
idle,3,1.004484e+01
idle,3,3.502242e+01
idle,3,6.004484e+01
idle,3,8.502242e+01
walk-rampdescent,3,1.009524e+01
walk-rampdescent,3,3.504762e+01
walk-rampdescent,3,6.009524e+01
walk-rampdescent,3,8.504762e+01
rampdescent,3,1.006036e+01
rampdescent,3,3.501006e+01
rampdescent,3,6.006036e+01
rampdescent,3,8.501006e+01
rampdescent,3,1.003976e+01
rampdescent,3,3.508946e+01
rampdescent,3,6.003976e+01
rampdescent,3,8.508946e+01
rampdescent,3,1.006648e+01
rampdescent,3,3.504274e+01
rampdescent,3,6.001899e+01
rampdescent,3,8.509022e+01
rampdescent-walk,3,1.002024e+01
rampdescent-walk,3,3.502024e+01
rampdescent-walk,3,6.002024e+01
rampdescent-walk,3,8.502024e+01
idle,4,6.005587e+01
idle,4,8.505587e+01
walk-rampascent,4,1.004525e+01
walk-rampascent,4,3.502262e+01
walk-rampascent,4,6.009050e+01
walk-rampascent,4,8.506787e+01
rampascent,4,1.002735e+01
rampascent,4,3.500456e+01
rampascent,4,6.007293e+01
rampascent,4,8.505014e+01
rampascent,4,1.009009e+01
rampascent,4,3.504505e+01
rampascent,4,6.009009e+01
rampascent,4,8.504505e+01
rampascent,4,1.005386e+01
rampascent,4,3.500898e+01
rampascent,4,6.005386e+01
rampascent,4,8.500898e+01
rampascent-walk,4,1.004975e+01
rampascent-walk,4,3.502488e+01
idle,4,6.004975e+01
idle,4,8.502488e+01
idle,4,1.007503e+01
idle,4,3.504823e+01
idle,4,6.002144e+01
idle,4,8.510182e+01
idle,4,1.005251e+01
idle,4,3.503376e+01
idle,4,6.001500e+01
idle,4,8.507127e+01
walk-rampdescent,4,1.005338e+01
walk-rampdescent,4,3.505338e+01
walk-rampdescent,4,6.005338e+01
walk-rampdescent,4,8.505338e+01
rampdescent,4,1.003617e+01
rampdescent,4,3.508137e+01
rampdescent,4,6.003617e+01
rampdescent,4,8.508137e+01
rampdescent,4,1.006404e+01
rampdescent,4,3.504117e+01
rampdescent,4,6.001830e+01
rampdescent,4,8.508692e+01
rampdescent,4,1.001727e+01
rampdescent,4,3.506045e+01
rampdescent,4,6.001727e+01
rampdescent,4,8.506045e+01
rampdescent-walk,4,1.005747e+01
rampdescent-walk,4,3.505747e+01
rampdescent-walk,4,6.005747e+01
rampdescent-walk,4,8.505747e+01
idle,5,6.005510e+01
idle,5,8.512397e+01
walk-rampascent,5,1.002710e+01
walk-rampascent,5,3.504968e+01
walk-rampascent,5,6.007227e+01
walk-rampascent,5,8.500452e+01
rampascent,5,1.008326e+01
rampascent,5,3.506013e+01
rampascent,5,6.003700e+01
rampascent,5,8.501388e+01
rampascent,5,1.002760e+01
rampascent,5,3.505060e+01
rampascent,5,6.007360e+01
rampascent,5,8.500460e+01
rampascent,5,1.005155e+01
rampascent,5,3.505155e+01
rampascent,5,6.005155e+01
rampascent,5,8.505155e+01
rampascent-walk,5,1.002817e+01
rampascent-walk,5,3.504225e+01
idle,5,6.005634e+01
idle,5,8.501408e+01
idle,5,1.001318e+01
idle,5,3.504611e+01
idle,5,6.007905e+01
idle,5,8.511199e+01
idle,5,1.001974e+01
idle,5,3.504442e+01
idle,5,6.001974e+01
idle,5,8.504442e+01
walk-rampdescent,5,1.005639e+01
walk-rampdescent,5,3.505639e+01
walk-rampdescent,5,6.005639e+01
walk-rampdescent,5,8.505639e+01
rampdescent,5,1.003717e+01
rampdescent,5,3.503717e+01
rampdescent,5,6.003717e+01
rampdescent,5,8.503717e+01
rampdescent,5,1.007605e+01
rampdescent,5,3.507605e+01
rampdescent,5,6.007605e+01
rampdescent,5,8.507605e+01
rampdescent,5,1.001789e+01
rampdescent,5,3.506261e+01
rampdescent,5,6.001789e+01
rampdescent,5,8.506261e+01
rampdescent-walk,5,1.002004e+01
rampdescent-walk,5,3.507014e+01
rampdescent-walk,5,6.002004e+01
rampdescent-walk,5,8.507014e+01
idle,1,3.504274e+01
idle,1,6.008547e+01
idle,1,8.504274e+01
walk-rampascent,1,1.009434e+01
walk-rampascent,1,3.509434e+01
walk-rampascent,1,6.009434e+01
walk-rampascent,1,8.509434e+01
rampascent,1,1.001789e+01
rampascent,1,3.506261e+01
rampascent,1,6.001789e+01
rampascent,1,8.506261e+01
rampascent,1,1.004710e+01
rampascent,1,3.500785e+01
rampascent,1,6.004710e+01
rampascent,1,8.500785e+01
rampascent-walk,1,1.006240e+01
rampascent-walk,1,3.502340e+01
rampascent-walk,1,6.006240e+01
rampascent-walk,1,8.502340e+01
idle,1,1.004942e+01
idle,1,3.500824e+01
idle,1,6.004942e+01
idle,1,8.500824e+01
idle,1,1.002475e+01
idle,1,3.502475e+01
idle,1,6.002475e+01
idle,1,8.502475e+01
idle,1,1.003168e+01
idle,1,3.505808e+01
idle,1,6.008448e+01
idle,1,8.500528e+01
idle,1,1.005025e+01
idle,1,3.500838e+01
idle,1,6.005025e+01
idle,1,8.500838e+01
walk-rampdescent,1,1.000935e+01
walk-rampdescent,1,3.507951e+01
walk-rampdescent,1,6.005613e+01
walk-rampdescent,1,8.503274e+01
rampdescent,1,1.005128e+01
rampdescent,1,3.507692e+01
rampdescent,1,6.010256e+01
rampdescent,1,8.502564e+01
rampdescent,1,1.000886e+01
rampdescent,1,3.507529e+01
rampdescent,1,6.005314e+01
rampdescent,1,8.503100e+01
rampdescent-walk,1,1.001616e+01
rampdescent-walk,1,3.505654e+01
rampdescent-walk,1,6.001616e+01
rampdescent-walk,1,8.505654e+01
idle,1,1.002331e+01
idle,1,3.519814e+01
idle,1,6.013986e+01
idle,1,8.508159e+01
idle,2,3.502722e+01
idle,2,6.007260e+01
idle,2,8.502722e+01
walk-rampascent,2,1.009009e+01
walk-rampascent,2,3.504505e+01
walk-rampascent,2,6.009009e+01
walk-rampascent,2,8.504505e+01
rampascent,2,1.008264e+01
rampascent,2,3.504132e+01
rampascent,2,6.008264e+01
rampascent,2,8.504132e+01
rampascent,2,1.001669e+01
rampascent,2,3.505843e+01
rampascent,2,6.001669e+01
rampascent,2,8.505843e+01
rampascent-walk,2,1.003831e+01
rampascent-walk,2,3.501916e+01
rampascent-walk,2,6.007663e+01
rampascent-walk,2,8.505747e+01
idle,2,1.000676e+01
idle,2,3.502366e+01
idle,2,6.004057e+01
idle,2,8.505747e+01
idle,2,1.002475e+01
idle,2,3.502475e+01
idle,2,6.002475e+01
idle,2,8.502475e+01
idle,2,1.000794e+01
idle,2,3.502780e+01
idle,2,6.004766e+01
idle,2,8.506751e+01
idle,2,1.008130e+01
idle,2,3.504065e+01
idle,2,6.008130e+01
idle,2,8.504065e+01
walk-rampdescent,2,1.001805e+01
walk-rampdescent,2,3.501805e+01
walk-rampdescent,2,6.001805e+01
walk-rampdescent,2,8.501805e+01
rampdescent,2,1.003717e+01
rampdescent,2,3.503717e+01
rampdescent,2,6.003717e+01
rampdescent,2,8.503717e+01
rampdescent,2,1.001805e+01
rampdescent,2,3.501805e+01
rampdescent,2,6.001805e+01
rampdescent,2,8.501805e+01
rampdescent-walk,2,1.002486e+01
rampdescent-walk,2,3.504557e+01
rampdescent-walk,2,6.006628e+01
rampdescent-walk,2,8.500414e+01
idle,2,1.021739e+01
idle,2,3.521739e+01
idle,2,6.021739e+01
idle,2,8.521739e+01
idle,3,3.502773e+01
idle,3,6.007394e+01
idle,3,8.502773e+01
walk-rampascent,3,1.003552e+01
walk-rampascent,3,3.507993e+01
walk-rampascent,3,6.003552e+01
walk-rampascent,3,8.507993e+01
rampascent,3,1.001773e+01
rampascent,3,3.501773e+01
rampascent,3,6.001773e+01
rampascent,3,8.501773e+01
rampascent,3,1.007888e+01
rampascent,3,3.505697e+01
rampascent,3,6.003506e+01
rampascent,3,8.501315e+01
rampascent-walk,3,1.002278e+01
rampascent-walk,3,3.500380e+01
rampascent-walk,3,6.006074e+01
rampascent-walk,3,8.504176e+01
idle,3,1.005174e+01
idle,3,3.503326e+01
idle,3,6.001478e+01
idle,3,8.507021e+01
idle,3,1.002445e+01
idle,3,3.508557e+01
idle,3,6.002445e+01
idle,3,8.508557e+01
idle,3,1.000848e+01
idle,3,3.502969e+01
idle,3,6.005089e+01
idle,3,8.507209e+01
idle,3,1.000788e+01
idle,3,3.506698e+01
idle,3,6.004728e+01
idle,3,8.502758e+01
walk-rampdescent,3,1.005747e+01
walk-rampdescent,3,3.505747e+01
walk-rampdescent,3,6.005747e+01
walk-rampdescent,3,8.505747e+01
rampdescent,3,1.007533e+01
rampdescent,3,3.502825e+01
rampdescent,3,6.007533e+01
rampdescent,3,8.502825e+01
rampdescent,3,1.006768e+01
rampdescent,3,3.502538e+01
rampdescent,3,6.006768e+01
rampdescent,3,8.502538e+01
rampdescent-walk,3,1.005291e+01
rampdescent-walk,3,3.500882e+01
rampdescent-walk,3,6.005291e+01
rampdescent-walk,3,8.500882e+01
idle,3,1.013216e+01
idle,3,3.502203e+01
idle,3,6.013216e+01
idle,3,8.502203e+01
idle,4,3.508772e+01
idle,4,6.008772e+01
idle,4,8.508772e+01
walk-rampascent,4,1.001669e+01
walk-rampascent,4,3.505843e+01
walk-rampascent,4,6.001669e+01
walk-rampascent,4,8.505843e+01
rampascent,4,1.008403e+01
rampascent,4,3.504202e+01
rampascent,4,6.008403e+01
rampascent,4,8.504202e+01
rampascent,4,1.008000e+01
rampascent,4,3.504000e+01
rampascent,4,6.008000e+01
rampascent,4,8.504000e+01
rampascent-walk,4,1.006240e+01
rampascent-walk,4,3.502340e+01
rampascent-walk,4,6.006240e+01
rampascent-walk,4,8.502340e+01
idle,4,1.004431e+01
idle,4,3.500739e+01
idle,4,6.004431e+01
idle,4,8.500739e+01
idle,4,1.001236e+01
idle,4,3.510507e+01
idle,4,6.007417e+01
idle,4,8.504326e+01
idle,4,1.006944e+01
idle,4,3.506944e+01
idle,4,6.006944e+01
idle,4,8.506944e+01
idle,4,1.003344e+01
idle,4,3.503344e+01
idle,4,6.003344e+01
idle,4,8.503344e+01
walk-rampdescent,4,1.009091e+01
walk-rampdescent,4,3.509091e+01
walk-rampdescent,4,6.009091e+01
walk-rampdescent,4,8.509091e+01
rampdescent,4,1.007194e+01
rampdescent,4,3.507194e+01
rampdescent,4,6.007194e+01
rampdescent,4,8.507194e+01
rampdescent,4,1.002486e+01
rampdescent,4,3.504557e+01
rampdescent,4,6.006628e+01
rampdescent,4,8.500414e+01
rampdescent-walk,4,1.002527e+01
rampdescent-walk,4,3.504634e+01
rampdescent-walk,4,6.006740e+01
rampdescent-walk,4,8.500421e+01
idle,4,1.012397e+01
idle,4,3.512397e+01
idle,4,6.012397e+01
idle,4,8.512397e+01
idle,5,3.503650e+01
idle,5,6.003650e+01
idle,5,8.503650e+01
walk-rampascent,5,1.000834e+01
walk-rampascent,5,3.502919e+01
walk-rampascent,5,6.005004e+01
walk-rampascent,5,8.507089e+01
rampascent,5,1.005338e+01
rampascent,5,3.505338e+01
rampascent,5,6.005338e+01
rampascent,5,8.505338e+01
rampascent,5,1.008475e+01
rampascent,5,3.508475e+01
rampascent,5,6.008475e+01
rampascent,5,8.508475e+01
rampascent-walk,5,1.004747e+01
rampascent-walk,5,3.504747e+01
rampascent-walk,5,6.004747e+01
rampascent-walk,5,8.504747e+01
idle,5,1.006601e+01
idle,5,3.514851e+01
idle,5,6.006601e+01
idle,5,8.514851e+01
idle,5,1.016667e+01
idle,5,3.516667e+01
idle,5,6.016667e+01
idle,5,8.516667e+01
idle,5,1.002353e+01
idle,5,3.501176e+01
idle,5,6.004706e+01
idle,5,8.503529e+01
idle,5,1.000870e+01
idle,5,3.507398e+01
idle,5,6.005222e+01
idle,5,8.503046e+01
walk-rampdescent,5,1.002506e+01
walk-rampdescent,5,3.500418e+01
walk-rampdescent,5,6.006683e+01
walk-rampdescent,5,8.504595e+01
rampdescent,5,1.005484e+01
rampdescent,5,3.500914e+01
rampdescent,5,6.005484e+01
rampdescent,5,8.500914e+01
rampdescent,5,1.000863e+01
rampdescent,5,3.503020e+01
rampdescent,5,6.005177e+01
rampdescent,5,8.507334e+01
rampdescent-walk,5,1.001669e+01
rampdescent-walk,5,3.505843e+01
rampdescent-walk,5,6.001669e+01
rampdescent-walk,5,8.505843e+01
idle,5,1.022222e+01
idle,5,3.511111e+01
idle,5,6.022222e+01
idle,5,8.511111e+01
idle,1,6.005188e+01
idle,1,8.508431e+01
walk-rampascent,1,1.001805e+01
walk-rampascent,1,3.501805e+01
walk-rampascent,1,6.001805e+01
walk-rampascent,1,8.501805e+01
rampascent,1,1.008902e+01
rampascent,1,3.501484e+01
rampascent,1,6.003956e+01
rampascent,1,8.506429e+01
rampascent,1,1.003824e+01
rampascent,1,3.508604e+01
rampascent,1,6.003824e+01
rampascent,1,8.508604e+01
rampascent,1,1.000902e+01
rampascent,1,3.507665e+01
rampascent,1,6.005410e+01
rampascent,1,8.503156e+01
rampascent-walk,1,1.002088e+01
rampascent-walk,1,3.502088e+01
idle,1,6.002088e+01
idle,1,8.502088e+01
idle,1,1.001318e+01
idle,1,3.504611e+01
idle,1,6.007905e+01
idle,1,8.511199e+01
idle,1,1.002865e+01
idle,1,3.501433e+01
idle,1,6.005731e+01
idle,1,8.504298e+01
walk-rampdescent,1,1.003788e+01
walk-rampdescent,1,3.503788e+01
walk-rampdescent,1,6.003788e+01
walk-rampdescent,1,8.503788e+01
rampdescent,1,1.000927e+01
rampdescent,1,3.503244e+01
rampdescent,1,6.005561e+01
rampdescent,1,8.507878e+01
rampdescent,1,1.008646e+01
rampdescent,1,3.506244e+01
rampdescent,1,6.003842e+01
rampdescent,1,8.501441e+01
rampdescent,1,1.006233e+01
rampdescent,1,3.508459e+01
rampdescent,1,6.001781e+01
rampdescent,1,8.504007e+01
rampdescent-walk,1,1.001151e+01
rampdescent-walk,1,3.509781e+01
rampdescent-walk,1,6.006904e+01
rampdescent-walk,1,8.504028e+01
idle,2,6.012987e+01
idle,2,8.506494e+01
walk-rampascent,2,1.001712e+01
walk-rampascent,2,3.501712e+01
walk-rampascent,2,6.001712e+01
walk-rampascent,2,8.501712e+01
rampascent,2,1.002735e+01
rampascent,2,3.500456e+01
rampascent,2,6.007293e+01
rampascent,2,8.505014e+01
rampascent,2,1.002616e+01
rampascent,2,3.504795e+01
rampascent,2,6.006975e+01
rampascent,2,8.500436e+01
rampascent,2,1.008333e+01
rampascent,2,3.508333e+01
rampascent,2,6.008333e+01
rampascent,2,8.508333e+01
rampascent-walk,2,1.003621e+01
rampascent-walk,2,3.502328e+01
idle,2,6.001035e+01
idle,2,8.504915e+01
idle,2,1.005222e+01
idle,2,3.511749e+01
idle,2,6.005222e+01
idle,2,8.511749e+01
idle,2,1.000449e+01
idle,2,3.503813e+01
idle,2,6.002692e+01
idle,2,8.501570e+01
walk-rampdescent,2,1.006441e+01
walk-rampdescent,2,3.502415e+01
walk-rampdescent,2,6.006441e+01
walk-rampdescent,2,8.502415e+01
rampdescent,2,1.004184e+01
rampdescent,2,3.506276e+01
rampdescent,2,6.008368e+01
rampdescent,2,8.502092e+01
rampdescent,2,1.008929e+01
rampdescent,2,3.508929e+01
rampdescent,2,6.008929e+01
rampdescent,2,8.508929e+01
rampdescent,2,1.005291e+01
rampdescent,2,3.500882e+01
rampdescent,2,6.005291e+01
rampdescent,2,8.500882e+01
rampdescent-walk,2,1.006944e+01
rampdescent-walk,2,3.506944e+01
rampdescent-walk,2,6.006944e+01
rampdescent-walk,2,8.506944e+01
idle,3,6.013986e+01
idle,3,8.503497e+01
walk-rampascent,3,1.005111e+01
walk-rampascent,3,3.500852e+01
walk-rampascent,3,6.005111e+01
walk-rampascent,3,8.500852e+01
rampascent,3,1.004566e+01
rampascent,3,3.506849e+01
rampascent,3,6.009132e+01
rampascent,3,8.502283e+01
rampascent,3,1.008029e+01
rampascent,3,3.505798e+01
rampascent,3,6.003568e+01
rampascent,3,8.501338e+01
rampascent,3,1.002465e+01
rampascent,3,3.500411e+01
rampascent,3,6.006574e+01
rampascent,3,8.504519e+01
rampascent-walk,3,1.003861e+01
rampascent-walk,3,3.503861e+01
idle,3,6.003861e+01
idle,3,8.503861e+01
idle,3,1.002825e+01
idle,3,3.502825e+01
idle,3,6.002825e+01
idle,3,8.502825e+01
idle,3,1.004630e+01
idle,3,3.504630e+01
idle,3,6.004630e+01
idle,3,8.504630e+01
walk-rampdescent,3,1.006019e+01
walk-rampdescent,3,3.508169e+01
walk-rampdescent,3,6.001720e+01
walk-rampdescent,3,8.503869e+01
rampdescent,3,1.003552e+01
rampdescent,3,3.507993e+01
rampdescent,3,6.003552e+01
rampdescent,3,8.507993e+01
rampdescent,3,1.000878e+01
rampdescent,3,3.503073e+01
rampdescent,3,6.005268e+01
rampdescent,3,8.507463e+01
rampdescent,3,1.008772e+01
rampdescent,3,3.508772e+01
rampdescent,3,6.008772e+01
rampdescent,3,8.508772e+01
rampdescent-walk,3,1.006124e+01
rampdescent-walk,3,3.508311e+01
rampdescent-walk,3,6.001750e+01
rampdescent-walk,3,8.503937e+01
idle,4,6.014388e+01
idle,4,8.503597e+01
walk-rampascent,4,1.002527e+01
walk-rampascent,4,3.504634e+01
walk-rampascent,4,6.006740e+01
walk-rampascent,4,8.500421e+01
rampascent,4,1.006711e+01
rampascent,4,3.506711e+01
rampascent,4,6.006711e+01
rampascent,4,8.506711e+01
rampascent,4,1.000870e+01
rampascent,4,3.507398e+01
rampascent,4,6.005222e+01
rampascent,4,8.503046e+01
rampascent,4,1.008065e+01
rampascent,4,3.508065e+01
rampascent,4,6.008065e+01
rampascent,4,8.508065e+01
rampascent-walk,4,1.001011e+01
rampascent-walk,4,3.503539e+01
idle,4,6.001011e+01
idle,4,8.503539e+01
idle,4,1.001372e+01
idle,4,3.511660e+01
idle,4,6.008230e+01
idle,4,8.504801e+01
idle,4,1.004089e+01
idle,4,3.502953e+01
idle,4,6.001817e+01
idle,4,8.500682e+01
walk-rampdescent,4,1.003521e+01
walk-rampdescent,4,3.503521e+01
walk-rampdescent,4,6.003521e+01
walk-rampdescent,4,8.503521e+01
rampdescent,4,1.005338e+01
rampdescent,4,3.505338e+01
rampdescent,4,6.005338e+01
rampdescent,4,8.505338e+01
rampdescent,4,1.004292e+01
rampdescent,4,3.502146e+01
rampdescent,4,6.008584e+01
rampdescent,4,8.506438e+01
rampdescent,4,1.005868e+01
rampdescent,4,3.503772e+01
rampdescent,4,6.001676e+01
rampdescent,4,8.507963e+01
rampdescent-walk,4,1.001021e+01
rampdescent-walk,4,3.503575e+01
rampdescent-walk,4,6.006129e+01
rampdescent-walk,4,8.508682e+01
idle,5,6.010638e+01
idle,5,8.510638e+01
walk-rampascent,5,1.006289e+01
walk-rampascent,5,3.504043e+01
walk-rampascent,5,6.001797e+01
walk-rampascent,5,8.508535e+01
rampascent,5,1.003861e+01
rampascent,5,3.505792e+01
rampascent,5,6.007722e+01
rampascent,5,8.501931e+01
rampascent,5,1.008403e+01
rampascent,5,3.504202e+01
rampascent,5,6.008403e+01
rampascent,5,8.504202e+01
rampascent,5,1.003160e+01
rampascent,5,3.507109e+01
rampascent,5,6.003160e+01
rampascent,5,8.507109e+01
rampascent-walk,5,1.003599e+01
rampascent-walk,5,3.502599e+01
idle,5,6.001599e+01
idle,5,8.500600e+01
idle,5,1.001192e+01
idle,5,3.504172e+01
idle,5,6.007151e+01
idle,5,8.510131e+01
idle,5,1.001821e+01
idle,5,3.503339e+01
idle,5,6.004857e+01
idle,5,8.500304e+01
walk-rampdescent,5,1.005111e+01
walk-rampdescent,5,3.500852e+01
walk-rampdescent,5,6.005111e+01
walk-rampdescent,5,8.500852e+01
rampdescent,5,1.008403e+01
rampdescent,5,3.501401e+01
rampdescent,5,6.003735e+01
rampdescent,5,8.506069e+01
rampdescent,5,1.007326e+01
rampdescent,5,3.507326e+01
rampdescent,5,6.007326e+01
rampdescent,5,8.507326e+01
rampdescent,5,1.009174e+01
rampdescent,5,3.504587e+01
rampdescent,5,6.009174e+01
rampdescent,5,8.504587e+01
rampdescent-walk,5,1.001946e+01
rampdescent-walk,5,3.501946e+01
rampdescent-walk,5,6.001946e+01
rampdescent-walk,5,8.501946e+01
idle,6,6.010499e+01
idle,6,8.503937e+01
walk-rampascent,6,1.003401e+01
walk-rampascent,6,3.503401e+01
walk-rampascent,6,6.003401e+01
walk-rampascent,6,8.503401e+01
rampascent,6,1.002445e+01
rampascent,6,3.504482e+01
rampascent,6,6.006520e+01
rampascent,6,8.500407e+01
rampascent,6,1.006711e+01
rampascent,6,3.506711e+01
rampascent,6,6.006711e+01
rampascent,6,8.506711e+01
rampascent,6,1.004902e+01
rampascent,6,3.504902e+01
rampascent,6,6.004902e+01
rampascent,6,8.504902e+01
rampascent-walk,6,1.003177e+01
rampascent-walk,6,3.504312e+01
idle,6,6.000908e+01
idle,6,8.502043e+01
idle,6,1.010962e+01
idle,6,3.507917e+01
idle,6,6.004872e+01
idle,6,8.501827e+01
idle,6,1.003948e+01
idle,6,3.502538e+01
idle,6,6.001128e+01
idle,6,8.505358e+01
walk-rampdescent,6,1.000820e+01
walk-rampdescent,6,3.502871e+01
walk-rampdescent,6,6.004922e+01
walk-rampdescent,6,8.506973e+01
rampdescent,6,1.005484e+01
rampdescent,6,3.500914e+01
rampdescent,6,6.005484e+01
rampdescent,6,8.500914e+01
rampdescent,6,1.008696e+01
rampdescent,6,3.504348e+01
rampdescent,6,6.008696e+01
rampdescent,6,8.504348e+01
rampdescent,6,1.000894e+01
rampdescent,6,3.503128e+01
rampdescent,6,6.005362e+01
rampdescent,6,8.507596e+01
rampdescent-walk,6,1.006289e+01
rampdescent-walk,6,3.504043e+01
rampdescent-walk,6,6.001797e+01
rampdescent-walk,6,8.508535e+01
idle,1,3.502969e+01
idle,1,6.005089e+01
idle,1,8.507209e+01
walk-rampascent,1,1.003521e+01
walk-rampascent,1,3.503521e+01
walk-rampascent,1,6.003521e+01
walk-rampascent,1,8.503521e+01
rampascent,1,1.005484e+01
rampascent,1,3.500914e+01
rampascent,1,6.005484e+01
rampascent,1,8.500914e+01
rampascent,1,1.007686e+01
rampascent,1,3.501281e+01
rampascent,1,6.003416e+01
rampascent,1,8.505551e+01
rampascent-walk,1,1.007937e+01
rampascent-walk,1,3.507937e+01
rampascent-walk,1,6.007937e+01
rampascent-walk,1,8.507937e+01
idle,1,1.004043e+01
idle,1,3.504043e+01
idle,1,6.004043e+01
idle,1,8.504043e+01
idle,1,1.007371e+01
idle,1,3.501229e+01
idle,1,6.007371e+01
idle,1,8.501229e+01
idle,1,1.005484e+01
idle,1,3.500914e+01
idle,1,6.005484e+01
idle,1,8.500914e+01
idle,1,1.007005e+01
idle,1,3.502627e+01
idle,1,6.007005e+01
idle,1,8.502627e+01
walk-rampdescent,1,1.006585e+01
walk-rampdescent,1,3.508937e+01
walk-rampdescent,1,6.001881e+01
walk-rampdescent,1,8.504233e+01
rampdescent,1,1.002004e+01
rampdescent,1,3.507014e+01
rampdescent,1,6.002004e+01
rampdescent,1,8.507014e+01
rampdescent,1,1.000902e+01
rampdescent,1,3.507665e+01
rampdescent,1,6.005410e+01
rampdescent,1,8.503156e+01
rampdescent-walk,1,1.008850e+01
rampdescent-walk,1,3.504425e+01
rampdescent-walk,1,6.008850e+01
rampdescent-walk,1,8.504425e+01
idle,1,1.004367e+01
idle,1,3.515284e+01
idle,1,6.004367e+01
idle,1,8.515284e+01
idle,2,3.503369e+01
idle,2,6.005775e+01
idle,2,8.508181e+01
walk-rampascent,2,1.001773e+01
walk-rampascent,2,3.501773e+01
walk-rampascent,2,6.001773e+01
walk-rampascent,2,8.501773e+01
rampascent,2,1.000902e+01
rampascent,2,3.507665e+01
rampascent,2,6.005410e+01
rampascent,2,8.503156e+01
rampascent,2,1.005025e+01
rampascent,2,3.500838e+01
rampascent,2,6.005025e+01
rampascent,2,8.500838e+01
rampascent-walk,2,1.002179e+01
rampascent-walk,2,3.500363e+01
rampascent-walk,2,6.005810e+01
rampascent-walk,2,8.503994e+01
idle,2,1.002227e+01
idle,2,3.504083e+01
idle,2,6.005939e+01
idle,2,8.500371e+01
idle,2,1.012346e+01
idle,2,3.506173e+01
idle,2,6.012346e+01
idle,2,8.506173e+01
idle,2,1.004566e+01
idle,2,3.506849e+01
idle,2,6.009132e+01
idle,2,8.502283e+01
idle,2,1.007194e+01
idle,2,3.501199e+01
idle,2,6.003197e+01
idle,2,8.505196e+01
walk-rampdescent,2,1.003521e+01
walk-rampdescent,2,3.503521e+01
walk-rampdescent,2,6.003521e+01
walk-rampdescent,2,8.503521e+01
rampdescent,2,1.006711e+01
rampdescent,2,3.509108e+01
rampdescent,2,6.001918e+01
rampdescent,2,8.504314e+01
rampdescent,2,1.001908e+01
rampdescent,2,3.501908e+01
rampdescent,2,6.001908e+01
rampdescent,2,8.501908e+01
rampdescent-walk,2,1.004651e+01
rampdescent-walk,2,3.506977e+01
rampdescent-walk,2,6.009302e+01
rampdescent-walk,2,8.502326e+01
idle,2,1.014799e+01
idle,2,3.509514e+01
idle,2,6.004228e+01
idle,2,8.520085e+01
idle,3,3.503584e+01
idle,3,6.003584e+01
idle,3,8.503584e+01
walk-rampascent,3,1.006178e+01
walk-rampascent,3,3.503972e+01
walk-rampascent,3,6.001765e+01
walk-rampascent,3,8.508385e+01
rampascent,3,1.006885e+01
rampascent,3,3.502582e+01
rampascent,3,6.006885e+01
rampascent,3,8.502582e+01
rampascent,3,1.004149e+01
rampascent,3,3.502075e+01
rampascent,3,6.008299e+01
rampascent,3,8.506224e+01
rampascent-walk,3,1.002244e+01
rampascent-walk,3,3.500374e+01
rampascent-walk,3,6.005984e+01
rampascent-walk,3,8.504114e+01
idle,3,1.005882e+01
idle,3,3.505882e+01
idle,3,6.005882e+01
idle,3,8.505882e+01
idle,3,1.007282e+01
idle,3,3.507282e+01
idle,3,6.007282e+01
idle,3,8.507282e+01
idle,3,1.004983e+01
idle,3,3.504983e+01
idle,3,6.004983e+01
idle,3,8.504983e+01
idle,3,1.007557e+01
idle,3,3.501259e+01
idle,3,6.003359e+01
idle,3,8.505458e+01
walk-rampdescent,3,1.007260e+01
walk-rampdescent,3,3.502722e+01
walk-rampdescent,3,6.007260e+01
walk-rampdescent,3,8.502722e+01
rampdescent,3,1.008249e+01
rampdescent,3,3.501375e+01
rampdescent,3,6.003666e+01
rampdescent,3,8.505958e+01
rampdescent,3,1.001789e+01
rampdescent,3,3.506261e+01
rampdescent,3,6.001789e+01
rampdescent,3,8.506261e+01
rampdescent-walk,3,1.005693e+01
rampdescent-walk,3,3.500949e+01
rampdescent-walk,3,6.005693e+01
rampdescent-walk,3,8.500949e+01
idle,3,1.013216e+01
idle,3,3.502203e+01
idle,3,6.013216e+01
idle,3,8.502203e+01
idle,4,3.501805e+01
idle,4,6.001805e+01
idle,4,8.501805e+01
walk-rampascent,4,1.000848e+01
walk-rampascent,4,3.502969e+01
walk-rampascent,4,6.005089e+01
walk-rampascent,4,8.507209e+01
rampascent,4,1.007819e+01
rampascent,4,3.501303e+01
rampascent,4,6.003475e+01
rampascent,4,8.505647e+01
rampascent,4,1.001698e+01
rampascent,4,3.505942e+01
rampascent,4,6.001698e+01
rampascent,4,8.505942e+01
rampascent-walk,4,1.004983e+01
rampascent-walk,4,3.504983e+01
rampascent-walk,4,6.004983e+01
rampascent-walk,4,8.504983e+01
idle,4,1.006369e+01
idle,4,3.503185e+01
idle,4,6.006369e+01
idle,4,8.503185e+01
idle,4,1.007557e+01
idle,4,3.501259e+01
idle,4,6.007557e+01
idle,4,8.501259e+01
idle,4,1.005535e+01
idle,4,3.505535e+01
idle,4,6.005535e+01
idle,4,8.505535e+01
idle,4,1.002278e+01
idle,4,3.500380e+01
idle,4,6.006074e+01
idle,4,8.504176e+01
walk-rampdescent,4,1.003584e+01
walk-rampdescent,4,3.503584e+01
walk-rampdescent,4,6.003584e+01
walk-rampdescent,4,8.503584e+01
rampdescent,4,1.000962e+01
rampdescent,4,3.503369e+01
rampdescent,4,6.005775e+01
rampdescent,4,8.508181e+01
rampdescent,4,1.006979e+01
rampdescent,4,3.509472e+01
rampdescent,4,6.001994e+01
rampdescent,4,8.504487e+01
rampdescent-walk,4,1.009009e+01
rampdescent-walk,4,3.504505e+01
rampdescent-walk,4,6.009009e+01
rampdescent-walk,4,8.504505e+01
idle,4,1.004673e+01
idle,4,3.504673e+01
idle,4,6.004673e+01
idle,4,8.504673e+01
idle,5,3.506261e+01
idle,5,6.001789e+01
idle,5,8.506261e+01
walk-rampascent,5,1.003460e+01
walk-rampascent,5,3.503460e+01
walk-rampascent,5,6.003460e+01
walk-rampascent,5,8.503460e+01
rampascent,5,1.001577e+01
rampascent,5,3.501577e+01
rampascent,5,6.001577e+01
rampascent,5,8.501577e+01
rampascent,5,1.000848e+01
rampascent,5,3.502969e+01
rampascent,5,6.005089e+01
rampascent,5,8.507209e+01
rampascent-walk,5,1.003436e+01
rampascent-walk,5,3.505155e+01
rampascent-walk,5,6.006873e+01
rampascent-walk,5,8.501718e+01
idle,5,1.003989e+01
idle,5,3.503989e+01
idle,5,6.003989e+01
idle,5,8.503989e+01
idle,5,1.010830e+01
idle,5,3.501805e+01
idle,5,6.010830e+01
idle,5,8.501805e+01
idle,5,1.003344e+01
idle,5,3.505017e+01
idle,5,6.006689e+01
idle,5,8.501672e+01
idle,5,1.000870e+01
idle,5,3.507398e+01
idle,5,6.005222e+01
idle,5,8.503046e+01
walk-rampdescent,5,1.005535e+01
walk-rampdescent,5,3.505535e+01
walk-rampdescent,5,6.005535e+01
walk-rampdescent,5,8.505535e+01
rampdescent,5,1.002710e+01
rampdescent,5,3.504968e+01
rampdescent,5,6.007227e+01
rampdescent,5,8.500452e+01
rampdescent,5,1.003752e+01
rampdescent,5,3.508443e+01
rampdescent,5,6.003752e+01
rampdescent,5,8.508443e+01
rampdescent-walk,5,1.007326e+01
rampdescent-walk,5,3.507326e+01
rampdescent-walk,5,6.007326e+01
rampdescent-walk,5,8.507326e+01
idle,5,1.001890e+01
idle,5,3.516068e+01
idle,5,6.011342e+01
idle,5,8.506616e+01
idle,1,6.013793e+01
idle,1,8.510345e+01
walk-rampascent,1,1.005484e+01
walk-rampascent,1,3.500914e+01
walk-rampascent,1,6.005484e+01
walk-rampascent,1,8.500914e+01
rampascent,1,1.006585e+01
rampascent,1,3.508937e+01
rampascent,1,6.001881e+01
rampascent,1,8.504233e+01
rampascent,1,1.006711e+01
rampascent,1,3.509108e+01
rampascent,1,6.001918e+01
rampascent,1,8.504314e+01
rampascent,1,1.003584e+01
rampascent,1,3.503584e+01
rampascent,1,6.003584e+01
rampascent,1,8.503584e+01
rampascent-walk,1,1.003009e+01
rampascent-walk,1,3.500502e+01
idle,1,6.003009e+01
idle,1,8.500502e+01
idle,1,1.006711e+01
idle,1,3.503356e+01
idle,1,6.013423e+01
idle,1,8.510067e+01
idle,1,1.006061e+01
idle,1,3.503030e+01
idle,1,6.006061e+01
idle,1,8.503030e+01
walk-rampdescent,1,1.001789e+01
walk-rampdescent,1,3.506261e+01
walk-rampdescent,1,6.001789e+01
walk-rampdescent,1,8.506261e+01
rampdescent,1,1.005803e+01
rampdescent,1,3.500967e+01
rampdescent,1,6.005803e+01
rampdescent,1,8.500967e+01
rampdescent,1,1.002045e+01
rampdescent,1,3.507157e+01
rampdescent,1,6.002045e+01
rampdescent,1,8.507157e+01
rampdescent,1,1.000944e+01
rampdescent,1,3.503305e+01
rampdescent,1,6.005666e+01
rampdescent,1,8.508026e+01
rampdescent-walk,1,1.005976e+01
rampdescent-walk,1,3.505976e+01
rampdescent-walk,1,6.005976e+01
rampdescent-walk,1,8.505976e+01
idle,2,6.014706e+01
idle,2,8.514706e+01
walk-rampascent,2,1.003717e+01
walk-rampascent,2,3.503717e+01
walk-rampascent,2,6.003717e+01
walk-rampascent,2,8.503717e+01
rampascent,2,1.001908e+01
rampascent,2,3.501908e+01
rampascent,2,6.001908e+01
rampascent,2,8.501908e+01
rampascent,2,1.006524e+01
rampascent,2,3.504194e+01
rampascent,2,6.001864e+01
rampascent,2,8.508854e+01
rampascent,2,1.005819e+01
rampascent,2,3.507897e+01
rampascent,2,6.001663e+01
rampascent,2,8.503741e+01
rampascent-walk,2,1.005780e+01
rampascent-walk,2,3.502890e+01
idle,2,6.005780e+01
idle,2,8.502890e+01
idle,2,1.002786e+01
idle,2,3.509749e+01
idle,2,6.002786e+01
idle,2,8.509749e+01
idle,2,1.001890e+01
idle,2,3.501890e+01
idle,2,6.001890e+01
idle,2,8.501890e+01
walk-rampdescent,2,1.005587e+01
walk-rampdescent,2,3.500931e+01
walk-rampdescent,2,6.005587e+01
walk-rampdescent,2,8.500931e+01
rampdescent,2,1.002045e+01
rampdescent,2,3.507157e+01
rampdescent,2,6.002045e+01
rampdescent,2,8.507157e+01
rampdescent,2,1.005128e+01
rampdescent,2,3.507692e+01
rampdescent,2,6.010256e+01
rampdescent,2,8.502564e+01
rampdescent,2,1.005693e+01
rampdescent,2,3.500949e+01
rampdescent,2,6.005693e+01
rampdescent,2,8.500949e+01
rampdescent-walk,2,1.006776e+01
rampdescent-walk,2,3.504356e+01
rampdescent-walk,2,6.001936e+01
rampdescent-walk,2,8.509197e+01
idle,3,6.008584e+01
idle,3,8.512160e+01
walk-rampascent,3,1.008621e+01
walk-rampascent,3,3.508621e+01
walk-rampascent,3,6.008621e+01
walk-rampascent,3,8.508621e+01
rampascent,3,1.006768e+01
rampascent,3,3.502538e+01
rampascent,3,6.006768e+01
rampascent,3,8.502538e+01
rampascent,3,1.006019e+01
rampascent,3,3.508169e+01
rampascent,3,6.001720e+01
rampascent,3,8.503869e+01
rampascent,3,1.005414e+01
rampascent,3,3.503480e+01
rampascent,3,6.001547e+01
rampascent,3,8.507347e+01
rampascent-walk,3,1.003119e+01
rampascent-walk,3,3.503119e+01
rampascent-walk,3,6.003119e+01
idle,3,8.503119e+01
idle,3,1.009056e+01
idle,3,3.505821e+01
idle,3,6.002587e+01
idle,3,8.512290e+01
idle,3,1.002560e+01
idle,3,3.502560e+01
idle,3,6.002560e+01
idle,3,8.502560e+01
walk-rampdescent,3,1.005025e+01
walk-rampdescent,3,3.500838e+01
walk-rampdescent,3,6.005025e+01
walk-rampdescent,3,8.500838e+01
rampdescent,3,1.008902e+01
rampdescent,3,3.501484e+01
rampdescent,3,6.003956e+01
rampdescent,3,8.506429e+01
rampdescent,3,1.007678e+01
rampdescent,3,3.502879e+01
rampdescent,3,6.007678e+01
rampdescent,3,8.502879e+01
rampdescent,3,1.008729e+01
rampdescent,3,3.501455e+01
rampdescent,3,6.003880e+01
rampdescent,3,8.506305e+01
rampdescent-walk,3,1.002921e+01
rampdescent-walk,3,3.505355e+01
rampdescent-walk,3,6.007790e+01
rampdescent-walk,3,8.500487e+01
idle,4,6.005706e+01
idle,4,8.502140e+01
walk-rampascent,4,1.000870e+01
walk-rampascent,4,3.507398e+01
walk-rampascent,4,6.005222e+01
walk-rampascent,4,8.503046e+01
rampascent,4,1.001669e+01
rampascent,4,3.505843e+01
rampascent,4,6.001669e+01
rampascent,4,8.505843e+01
rampascent,4,1.006124e+01
rampascent,4,3.508311e+01
rampascent,4,6.001750e+01
rampascent,4,8.503937e+01
rampascent,4,1.001684e+01
rampascent,4,3.501684e+01
rampascent,4,6.001684e+01
rampascent,4,8.501684e+01
rampascent-walk,4,1.004159e+01
rampascent-walk,4,3.505645e+01
idle,4,6.001188e+01
idle,4,8.502674e+01
idle,4,1.001565e+01
idle,4,3.505477e+01
idle,4,6.009390e+01
idle,4,8.513302e+01
idle,4,1.003282e+01
idle,4,3.502110e+01
idle,4,6.000938e+01
idle,4,8.504454e+01
walk-rampdescent,4,1.000894e+01
walk-rampdescent,4,3.503128e+01
walk-rampdescent,4,6.005362e+01
walk-rampdescent,4,8.507596e+01
rampdescent,4,1.001873e+01
rampdescent,4,3.501873e+01
rampdescent,4,6.001873e+01
rampdescent,4,8.501873e+01
rampdescent,4,1.009009e+01
rampdescent,4,3.504505e+01
rampdescent,4,6.009009e+01
rampdescent,4,8.504505e+01
rampdescent,4,1.005435e+01
rampdescent,4,3.505435e+01
rampdescent,4,6.005435e+01
rampdescent,4,8.505435e+01
rampdescent-walk,4,1.002045e+01
rampdescent-walk,4,3.507157e+01
rampdescent-walk,4,6.002045e+01
rampdescent-walk,4,8.507157e+01
idle,5,6.013514e+01
idle,5,8.513514e+01
walk-rampascent,5,1.007621e+01
walk-rampascent,5,3.505504e+01
walk-rampascent,5,6.003387e+01
walk-rampascent,5,8.501270e+01
rampascent,5,1.002486e+01
rampascent,5,3.504557e+01
rampascent,5,6.006628e+01
rampascent,5,8.500414e+01
rampascent,5,1.003135e+01
rampascent,5,3.503135e+01
rampascent,5,6.003135e+01
rampascent,5,8.503135e+01
rampascent,5,1.002261e+01
rampascent,5,3.504145e+01
rampascent,5,6.006029e+01
rampascent,5,8.500377e+01
rampascent-walk,5,1.004843e+01
rampascent-walk,5,3.504843e+01
rampascent-walk,5,6.004843e+01
idle,5,8.504843e+01
idle,5,1.012483e+01
idle,5,3.509015e+01
idle,5,6.005548e+01
idle,5,8.502080e+01
idle,5,1.002773e+01
idle,5,3.502773e+01
idle,5,6.002773e+01
idle,5,8.502773e+01
walk-rampdescent,5,1.001684e+01
walk-rampdescent,5,3.501684e+01
walk-rampdescent,5,6.001684e+01
walk-rampdescent,5,8.501684e+01
rampdescent,5,1.008483e+01
rampdescent,5,3.506126e+01
rampdescent,5,6.003770e+01
rampdescent,5,8.501414e+01
rampdescent,5,1.007605e+01
rampdescent,5,3.507605e+01
rampdescent,5,6.007605e+01
rampdescent,5,8.507605e+01
rampdescent,5,1.009259e+01
rampdescent,5,3.509259e+01
rampdescent,5,6.009259e+01
rampdescent,5,8.509259e+01
rampdescent-walk,5,1.000953e+01
rampdescent-walk,5,3.508103e+01
rampdescent-walk,5,6.005720e+01
rampdescent-walk,5,8.503337e+01
idle,1,3.504902e+01
idle,1,6.004902e+01
idle,1,8.504902e+01
walk-rampascent,1,1.005976e+01
walk-rampascent,1,3.505976e+01
walk-rampascent,1,6.005976e+01
walk-rampascent,1,8.505976e+01
rampascent,1,1.002812e+01
rampascent,1,3.505155e+01
rampascent,1,6.007498e+01
rampascent,1,8.500469e+01
rampascent,1,1.007752e+01
rampascent,1,3.505599e+01
rampascent,1,6.003445e+01
rampascent,1,8.501292e+01
rampascent-walk,1,1.007812e+01
rampascent-walk,1,3.507812e+01
rampascent-walk,1,6.007812e+01
rampascent-walk,1,8.507812e+01
idle,1,1.003210e+01
idle,1,3.507223e+01
idle,1,6.003210e+01
idle,1,8.507223e+01
idle,1,1.010830e+01
idle,1,3.501805e+01
idle,1,6.004813e+01
idle,1,8.507822e+01
idle,1,1.008547e+01
idle,1,3.504274e+01
idle,1,6.008547e+01
idle,1,8.504274e+01
idle,1,1.005677e+01
idle,1,3.503650e+01
idle,1,6.001622e+01
idle,1,8.507705e+01
walk-rampdescent,1,1.001946e+01
walk-rampdescent,1,3.501946e+01
walk-rampdescent,1,6.001946e+01
walk-rampdescent,1,8.501946e+01
rampdescent,1,1.010309e+01
rampdescent,1,3.505155e+01
rampdescent,1,6.010309e+01
rampdescent,1,8.505155e+01
rampdescent,1,1.006036e+01
rampdescent,1,3.501006e+01
rampdescent,1,6.006036e+01
rampdescent,1,8.501006e+01
rampdescent-walk,1,1.005435e+01
rampdescent-walk,1,3.505435e+01
rampdescent-walk,1,6.005435e+01
rampdescent-walk,1,8.505435e+01
idle,1,1.015801e+01
idle,1,3.521445e+01
idle,1,6.004515e+01
idle,1,8.510158e+01
idle,2,3.505697e+01
idle,2,6.003506e+01
idle,2,8.501315e+01
walk-rampascent,2,1.001616e+01
walk-rampascent,2,3.505654e+01
walk-rampascent,2,6.001616e+01
walk-rampascent,2,8.505654e+01
rampascent,2,1.004082e+01
rampascent,2,3.502041e+01
rampascent,2,6.008163e+01
rampascent,2,8.506122e+01
rampascent,2,1.000814e+01
rampascent,2,3.506916e+01
rampascent,2,6.004882e+01
rampascent,2,8.502848e+01
rampascent-walk,2,1.007463e+01
rampascent-walk,2,3.507463e+01
rampascent-walk,2,6.007463e+01
rampascent-walk,2,8.507463e+01
idle,2,1.000752e+01
idle,2,3.506396e+01
idle,2,6.004515e+01
idle,2,8.502634e+01
idle,2,1.012862e+01
idle,2,3.504823e+01
idle,2,6.012862e+01
idle,2,8.504823e+01
idle,2,1.002604e+01
idle,2,3.502604e+01
idle,2,6.002604e+01
idle,2,8.502604e+01
idle,2,1.001076e+01
idle,2,3.509150e+01
idle,2,6.006459e+01
idle,2,8.503767e+01
idle,2,1.007407e+01
idle,2,3.503704e+01
idle,2,6.007407e+01
idle,2,8.503704e+01
walk-rampdescent,2,1.000910e+01
walk-rampdescent,2,3.503185e+01
walk-rampdescent,2,6.005460e+01
walk-rampdescent,2,8.507734e+01
rampdescent,2,1.000972e+01
rampdescent,2,3.508260e+01
rampdescent,2,6.005831e+01
rampdescent,2,8.503401e+01
rampdescent,2,1.005917e+01
rampdescent,2,3.500986e+01
rampdescent,2,6.005917e+01
rampdescent,2,8.500986e+01
rampdescent-walk,2,1.008929e+01
rampdescent-walk,2,3.508929e+01
rampdescent-walk,2,6.008929e+01
rampdescent-walk,2,8.508929e+01
idle,2,1.015453e+01
idle,2,3.509934e+01
idle,2,6.004415e+01
idle,2,8.520971e+01
idle,3,3.505747e+01
idle,3,6.001642e+01
idle,3,8.505747e+01
walk-rampascent,3,1.008174e+01
walk-rampascent,3,3.505904e+01
walk-rampascent,3,6.003633e+01
walk-rampascent,3,8.501362e+01
rampascent,3,1.003401e+01
rampascent,3,3.503401e+01
rampascent,3,6.003401e+01
rampascent,3,8.503401e+01
rampascent,3,1.007252e+01
rampascent,3,3.505238e+01
rampascent,3,6.003223e+01
rampascent,3,8.501209e+01
rampascent-walk,3,1.004532e+01
rampascent-walk,3,3.504532e+01
rampascent-walk,3,6.004532e+01
rampascent-walk,3,8.504532e+01
idle,3,1.001805e+01
idle,3,3.501805e+01
idle,3,6.001805e+01
idle,3,8.501805e+01
idle,3,1.006944e+01
idle,3,3.506944e+01
idle,3,6.006944e+01
idle,3,8.506944e+01
idle,3,1.003308e+01
idle,3,3.500551e+01
idle,3,6.003308e+01
idle,3,8.500551e+01
idle,3,1.007463e+01
idle,3,3.507463e+01
idle,3,6.007463e+01
idle,3,8.507463e+01
walk-rampdescent,3,1.001821e+01
walk-rampdescent,3,3.506375e+01
walk-rampdescent,3,6.001821e+01
walk-rampdescent,3,8.506375e+01
rampdescent,3,1.009091e+01
rampdescent,3,3.509091e+01
rampdescent,3,6.009091e+01
rampdescent,3,8.509091e+01
rampdescent,3,1.004831e+01
rampdescent,3,3.507246e+01
rampdescent,3,6.009662e+01
rampdescent,3,8.502415e+01
rampdescent-walk,3,1.001821e+01
rampdescent-walk,3,3.506375e+01
rampdescent-walk,3,6.001821e+01
rampdescent-walk,3,8.506375e+01
idle,3,1.015453e+01
idle,3,3.509934e+01
idle,3,6.004415e+01
idle,3,8.520971e+01
idle,4,3.506045e+01
idle,4,6.001727e+01
idle,4,8.506045e+01
walk-rampascent,4,1.004049e+01
walk-rampascent,4,3.506073e+01
walk-rampascent,4,6.008097e+01
walk-rampascent,4,8.502024e+01
rampascent,4,1.005025e+01
rampascent,4,3.500838e+01
rampascent,4,6.005025e+01
rampascent,4,8.500838e+01
rampascent,4,1.002486e+01
rampascent,4,3.504557e+01
rampascent,4,6.006628e+01
rampascent,4,8.500414e+01
rampascent-walk,4,1.000764e+01
rampascent-walk,4,3.506494e+01
rampascent-walk,4,6.004584e+01
rampascent-walk,4,8.502674e+01
idle,4,1.003003e+01
idle,4,3.501502e+01
idle,4,6.006006e+01
idle,4,8.504505e+01
idle,4,1.005650e+01
idle,4,3.502825e+01
idle,4,6.011299e+01
idle,4,8.508475e+01
idle,4,1.005435e+01
idle,4,3.505435e+01
idle,4,6.005435e+01
idle,4,8.505435e+01
idle,4,1.004637e+01
idle,4,3.500773e+01
idle,4,6.004637e+01
idle,4,8.500773e+01
walk-rampdescent,4,1.006346e+01
walk-rampdescent,4,3.508613e+01
walk-rampdescent,4,6.001813e+01
walk-rampdescent,4,8.504080e+01
rampdescent,4,1.004695e+01
rampdescent,4,3.502347e+01
rampdescent,4,6.009390e+01
rampdescent,4,8.507042e+01
rampdescent,4,1.005338e+01
rampdescent,4,3.505338e+01
rampdescent,4,6.005338e+01
rampdescent,4,8.505338e+01
rampdescent-walk,4,1.005068e+01
rampdescent-walk,4,3.505068e+01
rampdescent-walk,4,6.005068e+01
rampdescent-walk,4,8.505068e+01
idle,4,1.003861e+01
idle,4,3.513514e+01
idle,4,6.003861e+01
idle,4,8.513514e+01
idle,5,3.506098e+01
idle,5,6.006098e+01
idle,5,8.506098e+01
walk-rampascent,5,1.006944e+01
walk-rampascent,5,3.506944e+01
walk-rampascent,5,6.006944e+01
walk-rampascent,5,8.506944e+01
rampascent,5,1.007752e+01
rampascent,5,3.505599e+01
rampascent,5,6.003445e+01
rampascent,5,8.501292e+01
rampascent,5,1.001712e+01
rampascent,5,3.501712e+01
rampascent,5,6.001712e+01
rampascent,5,8.501712e+01
rampascent-walk,5,1.002331e+01
rampascent-walk,5,3.504274e+01
rampascent-walk,5,6.006216e+01
rampascent-walk,5,8.500389e+01
idle,5,1.006051e+01
idle,5,3.502269e+01
idle,5,6.006051e+01
idle,5,8.502269e+01
idle,5,1.012312e+01
idle,5,3.502052e+01
idle,5,6.005472e+01
idle,5,8.508892e+01
idle,5,1.005587e+01
idle,5,3.500931e+01
idle,5,6.005587e+01
idle,5,8.500931e+01
idle,5,1.002331e+01
idle,5,3.504274e+01
idle,5,6.006216e+01
idle,5,8.500389e+01
walk-rampdescent,5,1.004785e+01
walk-rampdescent,5,3.502392e+01
walk-rampdescent,5,6.009569e+01
walk-rampdescent,5,8.507177e+01
rampdescent,5,1.004975e+01
rampdescent,5,3.502488e+01
rampdescent,5,6.009950e+01
rampdescent,5,8.507463e+01
rampdescent,5,1.005535e+01
rampdescent,5,3.505535e+01
rampdescent,5,6.005535e+01
rampdescent,5,8.505535e+01
rampdescent-walk,5,1.006346e+01
rampdescent-walk,5,3.508613e+01
rampdescent-walk,5,6.001813e+01
rampdescent-walk,5,8.504080e+01
idle,5,1.002331e+01
idle,5,3.519814e+01
idle,5,6.013986e+01
idle,5,8.508159e+01
idle,6,3.505697e+01
idle,6,6.003506e+01
idle,6,8.501315e+01
walk-rampascent,6,1.003490e+01
walk-rampascent,6,3.507853e+01
walk-rampascent,6,6.003490e+01
walk-rampascent,6,8.507853e+01
rampascent,6,1.004184e+01
rampascent,6,3.506276e+01
rampascent,6,6.008368e+01
rampascent,6,8.502092e+01
rampascent,6,1.005587e+01
rampascent,6,3.503591e+01
rampascent,6,6.001596e+01
rampascent,6,8.507582e+01
rampascent-walk,6,1.003745e+01
rampascent-walk,6,3.505618e+01
rampascent-walk,6,6.007491e+01
rampascent-walk,6,8.501873e+01
idle,6,1.009056e+01
idle,6,3.505821e+01
idle,6,6.002587e+01
idle,6,8.512290e+01
idle,6,1.014975e+01
idle,6,3.510815e+01
idle,6,6.006656e+01
idle,6,8.502496e+01
idle,6,1.009852e+01
idle,6,3.509852e+01
idle,6,6.009852e+01
idle,6,8.509852e+01
idle,6,1.004739e+01
idle,6,3.507109e+01
idle,6,6.009479e+01
idle,6,8.502370e+01
idle,6,1.006601e+01
idle,6,3.506601e+01
idle,6,6.006601e+01
idle,6,8.506601e+01
walk-rampdescent,6,1.009434e+01
walk-rampdescent,6,3.509434e+01
walk-rampdescent,6,6.009434e+01
walk-rampdescent,6,8.509434e+01
rampdescent,6,1.007584e+01
rampdescent,6,3.510293e+01
rampdescent,6,6.002167e+01
rampdescent,6,8.504875e+01
rampdescent,6,1.006711e+01
rampdescent,6,3.509108e+01
rampdescent,6,6.001918e+01
rampdescent,6,8.504314e+01
rampdescent-walk,6,1.009091e+01
rampdescent-walk,6,3.509091e+01
rampdescent-walk,6,6.009091e+01
rampdescent-walk,6,8.509091e+01
idle,6,1.020408e+01
idle,6,3.510204e+01
idle,6,6.020408e+01
idle,6,8.510204e+01
idle,1,6.004994e+01
idle,1,8.501873e+01
walk-rampascent,1,1.002662e+01
walk-rampascent,1,3.504880e+01
walk-rampascent,1,6.007098e+01
walk-rampascent,1,8.500444e+01
rampascent,1,1.006019e+01
rampascent,1,3.508169e+01
rampascent,1,6.001720e+01
rampascent,1,8.503869e+01
rampascent,1,1.002686e+01
rampascent,1,3.500448e+01
rampascent,1,6.007162e+01
rampascent,1,8.504924e+01
rampascent,1,1.006547e+01
rampascent,1,3.502455e+01
rampascent,1,6.006547e+01
rampascent,1,8.502455e+01
rampascent-walk,1,1.003436e+01
rampascent-walk,1,3.505155e+01
rampascent-walk,1,6.006873e+01
idle,1,8.501718e+01
idle,1,1.007092e+01
idle,1,3.503546e+01
idle,1,6.014184e+01
idle,1,8.510638e+01
idle,1,1.004587e+01
idle,1,3.504587e+01
idle,1,6.004587e+01
idle,1,8.504587e+01
walk-rampdescent,1,1.007678e+01
walk-rampdescent,1,3.502879e+01
walk-rampdescent,1,6.007678e+01
walk-rampdescent,1,8.502879e+01
rampdescent,1,1.009709e+01
rampdescent,1,3.504854e+01
rampdescent,1,6.009709e+01
rampdescent,1,8.504854e+01
rampdescent,1,1.005859e+01
rampdescent,1,3.505859e+01
rampdescent,1,6.005859e+01
rampdescent,1,8.505859e+01
rampdescent,1,1.009901e+01
rampdescent,1,3.504950e+01
rampdescent,1,6.009901e+01
rampdescent,1,8.504950e+01
rampdescent-walk,1,1.007984e+01
rampdescent-walk,1,3.502994e+01
rampdescent-walk,1,6.007984e+01
rampdescent-walk,1,8.502994e+01
idle,2,6.015038e+01
idle,2,8.511278e+01
walk-rampascent,2,1.003490e+01
walk-rampascent,2,3.507853e+01
walk-rampascent,2,6.003490e+01
walk-rampascent,2,8.507853e+01
rampascent,2,1.002710e+01
rampascent,2,3.504968e+01
rampascent,2,6.007227e+01
rampascent,2,8.500452e+01
rampascent,2,1.005291e+01
rampascent,2,3.500882e+01
rampascent,2,6.005291e+01
rampascent,2,8.500882e+01
rampascent,2,1.004016e+01
rampascent,2,3.502008e+01
rampascent,2,6.008032e+01
rampascent,2,8.506024e+01
rampascent-walk,2,1.006452e+01
rampascent-walk,2,3.503226e+01
rampascent-walk,2,6.006452e+01
idle,2,8.503226e+01
idle,2,1.009464e+01
idle,2,3.501577e+01
idle,2,6.009464e+01
idle,2,8.501577e+01
idle,2,1.001765e+01
idle,2,3.503972e+01
idle,2,6.001765e+01
idle,2,8.503972e+01
walk-rampdescent,2,1.004255e+01
walk-rampdescent,2,3.506383e+01
walk-rampdescent,2,6.008511e+01
walk-rampdescent,2,8.502128e+01
rampdescent,2,1.009346e+01
rampdescent,2,3.504673e+01
rampdescent,2,6.009346e+01
rampdescent,2,8.504673e+01
rampdescent,2,1.005859e+01
rampdescent,2,3.505859e+01
rampdescent,2,6.005859e+01
rampdescent,2,8.505859e+01
rampdescent,2,1.000962e+01
rampdescent,2,3.503369e+01
rampdescent,2,6.005775e+01
rampdescent,2,8.508181e+01
rampdescent-walk,2,1.002088e+01
rampdescent-walk,2,3.507307e+01
rampdescent-walk,2,6.002088e+01
rampdescent-walk,2,8.507307e+01
idle,3,6.013793e+01
idle,3,8.510345e+01
walk-rampascent,3,1.006289e+01
walk-rampascent,3,3.504043e+01
walk-rampascent,3,6.001797e+01
walk-rampascent,3,8.508535e+01
rampascent,3,1.004292e+01
rampascent,3,3.502146e+01
rampascent,3,6.008584e+01
rampascent,3,8.506438e+01
rampascent,3,1.005245e+01
rampascent,3,3.505245e+01
rampascent,3,6.005245e+01
rampascent,3,8.505245e+01
rampascent,3,1.005499e+01
rampascent,3,3.503535e+01
rampascent,3,6.001571e+01
rampascent,3,8.507463e+01
rampascent-walk,3,1.001676e+01
rampascent-walk,3,3.503772e+01
idle,3,6.001676e+01
idle,3,8.503772e+01
idle,3,1.003764e+01
idle,3,3.500627e+01
idle,3,6.010038e+01
idle,3,8.506901e+01
idle,3,1.004950e+01
idle,3,3.504950e+01
idle,3,6.004950e+01
idle,3,8.504950e+01
walk-rampdescent,3,1.000902e+01
walk-rampdescent,3,3.507665e+01
walk-rampdescent,3,6.005410e+01
walk-rampdescent,3,8.503156e+01
rampdescent,3,1.009901e+01
rampdescent,3,3.504950e+01
rampdescent,3,6.009901e+01
rampdescent,3,8.504950e+01
rampdescent,3,1.006160e+01
rampdescent,3,3.501027e+01
rampdescent,3,6.006160e+01
rampdescent,3,8.501027e+01
rampdescent,3,1.001984e+01
rampdescent,3,3.501984e+01
rampdescent,3,6.001984e+01
rampdescent,3,8.501984e+01
rampdescent-walk,3,1.001032e+01
rampdescent-walk,3,3.508772e+01
rampdescent-walk,3,6.006192e+01
rampdescent-walk,3,8.503612e+01
idle,4,6.011645e+01
idle,4,8.500728e+01
walk-rampascent,4,1.005338e+01
walk-rampascent,4,3.505338e+01
walk-rampascent,4,6.005338e+01
walk-rampascent,4,8.505338e+01
rampascent,4,1.002616e+01
rampascent,4,3.504795e+01
rampascent,4,6.006975e+01
rampascent,4,8.500436e+01
rampascent,4,1.000848e+01
rampascent,4,3.502969e+01
rampascent,4,6.005089e+01
rampascent,4,8.507209e+01
rampascent,4,1.004601e+01
rampascent,4,3.504601e+01
rampascent,4,6.004601e+01
rampascent,4,8.504601e+01
rampascent-walk,4,1.001533e+01
rampascent-walk,4,3.500255e+01
idle,4,6.004088e+01
idle,4,8.502810e+01
idle,4,1.011673e+01
idle,4,3.501946e+01
idle,4,6.005188e+01
idle,4,8.508431e+01
idle,4,1.002132e+01
idle,4,3.501066e+01
idle,4,6.004264e+01
idle,4,8.503198e+01
walk-rampdescent,4,1.002593e+01
walk-rampdescent,4,3.500432e+01
walk-rampdescent,4,6.006914e+01
walk-rampdescent,4,8.504754e+01
rampdescent,4,1.002760e+01
rampdescent,4,3.505060e+01
rampdescent,4,6.007360e+01
rampdescent,4,8.500460e+01
rampdescent,4,1.007678e+01
rampdescent,4,3.502879e+01
rampdescent,4,6.007678e+01
rampdescent,4,8.502879e+01
rampdescent,4,1.000972e+01
rampdescent,4,3.508260e+01
rampdescent,4,6.005831e+01
rampdescent,4,8.503401e+01
rampdescent-walk,4,1.005747e+01
rampdescent-walk,4,3.505747e+01
rampdescent-walk,4,6.005747e+01
rampdescent-walk,4,8.505747e+01
idle,5,6.006006e+01
idle,5,8.513514e+01
walk-rampascent,5,1.008101e+01
walk-rampascent,5,3.501350e+01
walk-rampascent,5,6.003600e+01
walk-rampascent,5,8.505851e+01
rampascent,5,1.002368e+01
rampascent,5,3.504341e+01
rampascent,5,6.006314e+01
rampascent,5,8.500395e+01
rampascent,5,1.007937e+01
rampascent,5,3.507937e+01
rampascent,5,6.007937e+01
rampascent,5,8.507937e+01
rampascent,5,1.007576e+01
rampascent,5,3.507576e+01
rampascent,5,6.007576e+01
rampascent,5,8.507576e+01
rampascent-walk,5,1.002445e+01
rampascent-walk,5,3.502445e+01
rampascent-walk,5,6.002445e+01
idle,5,8.502445e+01
idle,5,1.007092e+01
idle,5,3.503546e+01
idle,5,6.014184e+01
idle,5,8.510638e+01
idle,5,1.003633e+01
idle,5,3.501362e+01
idle,5,6.003633e+01
idle,5,8.501362e+01
walk-rampdescent,5,1.005111e+01
walk-rampdescent,5,3.500852e+01
walk-rampdescent,5,6.005111e+01
walk-rampdescent,5,8.500852e+01
rampdescent,5,1.003683e+01
rampdescent,5,3.508287e+01
rampdescent,5,6.003683e+01
rampdescent,5,8.508287e+01
rampdescent,5,1.002616e+01
rampdescent,5,3.504795e+01
rampdescent,5,6.006975e+01
rampdescent,5,8.500436e+01
rampdescent,5,1.008646e+01
rampdescent,5,3.506244e+01
rampdescent,5,6.003842e+01
rampdescent,5,8.501441e+01
rampdescent-walk,5,1.002066e+01
rampdescent-walk,5,3.502066e+01
rampdescent-walk,5,6.002066e+01
rampdescent-walk,5,8.502066e+01
idle,1,3.506120e+01
idle,1,6.004320e+01
idle,1,8.502520e+01
walk-rampascent,1,1.005251e+01
walk-rampascent,1,3.503376e+01
walk-rampascent,1,6.001500e+01
walk-rampascent,1,8.507127e+01
rampascent,1,1.002928e+01
rampascent,1,3.506589e+01
rampascent,1,6.002928e+01
rampascent,1,8.506589e+01
rampascent,1,1.006289e+01
rampascent,1,3.501048e+01
rampascent,1,6.002795e+01
rampascent,1,8.504542e+01
rampascent-walk,1,1.001879e+01
rampascent-walk,1,3.500313e+01
rampascent-walk,1,6.005009e+01
rampascent-walk,1,8.503444e+01
idle,1,1.001451e+01
idle,1,3.505080e+01
idle,1,6.001451e+01
idle,1,8.505080e+01
idle,1,1.010830e+01
idle,1,3.501805e+01
idle,1,6.004813e+01
idle,1,8.507822e+01
idle,1,1.002616e+01
idle,1,3.504795e+01
idle,1,6.006975e+01
idle,1,8.500436e+01
idle,1,1.000705e+01
idle,1,3.502467e+01
idle,1,6.004228e+01
idle,1,8.505990e+01
walk-rampdescent,1,1.003690e+01
walk-rampdescent,1,3.505535e+01
walk-rampdescent,1,6.007380e+01
walk-rampdescent,1,8.501845e+01
rampdescent,1,1.005542e+01
rampdescent,1,3.507522e+01
rampdescent,1,6.001584e+01
rampdescent,1,8.503563e+01
rampdescent,1,1.004255e+01
rampdescent,1,3.506383e+01
rampdescent,1,6.008511e+01
rampdescent,1,8.502128e+01
rampdescent,1,1.005025e+01
rampdescent,1,3.500838e+01
rampdescent,1,6.005025e+01
rampdescent,1,8.500838e+01
rampdescent-walk,1,1.005771e+01
rampdescent-walk,1,3.503710e+01
rampdescent-walk,1,6.001649e+01
rampdescent-walk,1,8.507832e+01
idle,1,1.013216e+01
idle,1,3.502203e+01
idle,1,6.013216e+01
idle,1,8.502203e+01
idle,2,3.507853e+01
idle,2,6.003490e+01
idle,2,8.507853e+01
walk-rampascent,2,1.000730e+01
walk-rampascent,2,3.506209e+01
walk-rampascent,2,6.004383e+01
walk-rampascent,2,8.502557e+01
rampascent,2,1.002059e+01
rampascent,2,3.500343e+01
rampascent,2,6.005491e+01
rampascent,2,8.503775e+01
rampascent,2,1.003886e+01
rampascent,2,3.503886e+01
rampascent,2,6.003886e+01
rampascent,2,8.503886e+01
rampascent-walk,2,1.004689e+01
rampascent-walk,2,3.503014e+01
rampascent-walk,2,6.001340e+01
rampascent-walk,2,8.506363e+01
idle,2,1.004243e+01
idle,2,3.500707e+01
idle,2,6.004243e+01
idle,2,8.500707e+01
idle,2,1.001065e+01
idle,2,3.503727e+01
idle,2,6.006390e+01
idle,2,8.509052e+01
idle,2,1.004566e+01
idle,2,3.504566e+01
idle,2,6.004566e+01
idle,2,8.504566e+01
idle,2,1.004689e+01
idle,2,3.503014e+01
idle,2,6.001340e+01
idle,2,8.506363e+01
walk-rampdescent,2,1.004862e+01
walk-rampdescent,2,3.500810e+01
walk-rampdescent,2,6.004862e+01
walk-rampdescent,2,8.500810e+01
rampdescent,2,1.001684e+01
rampdescent,2,3.501684e+01
rampdescent,2,6.001684e+01
rampdescent,2,8.501684e+01
rampdescent,2,1.009259e+01
rampdescent,2,3.509259e+01
rampdescent,2,6.009259e+01
rampdescent,2,8.509259e+01
rampdescent,2,1.001669e+01
rampdescent,2,3.505843e+01
rampdescent,2,6.001669e+01
rampdescent,2,8.505843e+01
rampdescent-walk,2,1.008264e+01
rampdescent-walk,2,3.504132e+01
rampdescent-walk,2,6.008264e+01
rampdescent-walk,2,8.504132e+01
idle,2,1.003717e+01
idle,2,3.513011e+01
idle,2,6.003717e+01
idle,2,8.513011e+01
idle,3,3.503073e+01
idle,3,6.005268e+01
idle,3,8.507463e+01
walk-rampascent,3,1.003861e+01
walk-rampascent,3,3.505792e+01
walk-rampascent,3,6.007722e+01
walk-rampascent,3,8.501931e+01
rampascent,3,1.005917e+01
rampascent,3,3.505917e+01
rampascent,3,6.005917e+01
rampascent,3,8.505917e+01
rampascent,3,1.002747e+01
rampascent,3,3.502747e+01
rampascent,3,6.002747e+01
rampascent,3,8.502747e+01
rampascent-walk,3,1.001902e+01
rampascent-walk,3,3.500317e+01
rampascent-walk,3,6.005073e+01
rampascent-walk,3,8.503488e+01
idle,3,1.003650e+01
idle,3,3.503650e+01
idle,3,6.003650e+01
idle,3,8.503650e+01
idle,3,1.001125e+01
idle,3,3.509561e+01
idle,3,6.006749e+01
idle,3,8.503937e+01
idle,3,1.004532e+01
idle,3,3.504532e+01
idle,3,6.004532e+01
idle,3,8.504532e+01
idle,3,1.002825e+01
idle,3,3.502825e+01
idle,3,6.002825e+01
idle,3,8.502825e+01
walk-rampdescent,3,1.002616e+01
walk-rampdescent,3,3.504795e+01
walk-rampdescent,3,6.006975e+01
walk-rampdescent,3,8.500436e+01
rampdescent,3,1.003401e+01
rampdescent,3,3.503401e+01
rampdescent,3,6.003401e+01
rampdescent,3,8.503401e+01
rampdescent,3,1.008483e+01
rampdescent,3,3.506126e+01
rampdescent,3,6.003770e+01
rampdescent,3,8.501414e+01
rampdescent,3,1.004329e+01
rampdescent,3,3.506494e+01
rampdescent,3,6.008658e+01
rampdescent,3,8.502165e+01
rampdescent-walk,3,1.005111e+01
rampdescent-walk,3,3.500852e+01
rampdescent-walk,3,6.005111e+01
rampdescent-walk,3,8.500852e+01
idle,3,1.012931e+01
idle,3,3.512931e+01
idle,3,6.012931e+01
idle,3,8.512931e+01
idle,4,3.505412e+01
idle,4,6.003331e+01
idle,4,8.501249e+01
walk-rampascent,4,1.006547e+01
walk-rampascent,4,3.502455e+01
walk-rampascent,4,6.006547e+01
walk-rampascent,4,8.502455e+01
rampascent,4,1.001451e+01
rampascent,4,3.505080e+01
rampascent,4,6.001451e+01
rampascent,4,8.505080e+01
rampascent,4,1.000622e+01
rampascent,4,3.505283e+01
rampascent,4,6.003729e+01
rampascent,4,8.502175e+01
rampascent-walk,4,1.004422e+01
rampascent-walk,4,3.506001e+01
rampascent-walk,4,6.001263e+01
rampascent-walk,4,8.502843e+01
idle,4,1.007407e+01
idle,4,3.503704e+01
idle,4,6.007407e+01
idle,4,8.503704e+01
idle,4,1.009901e+01
idle,4,3.504950e+01
idle,4,6.009901e+01
idle,4,8.504950e+01
idle,4,1.007557e+01
idle,4,3.501259e+01
idle,4,6.003359e+01
idle,4,8.505458e+01
idle,4,1.006390e+01
idle,4,3.506390e+01
idle,4,6.006390e+01
idle,4,8.506390e+01
walk-rampdescent,4,1.008249e+01
walk-rampdescent,4,3.501375e+01
walk-rampdescent,4,6.003666e+01
walk-rampdescent,4,8.505958e+01
rampdescent,4,1.004115e+01
rampdescent,4,3.506173e+01
rampdescent,4,6.008230e+01
rampdescent,4,8.502058e+01
rampdescent,4,1.004878e+01
rampdescent,4,3.502439e+01
rampdescent,4,6.009756e+01
rampdescent,4,8.507317e+01
rampdescent,4,1.001908e+01
rampdescent,4,3.501908e+01
rampdescent,4,6.001908e+01
rampdescent,4,8.501908e+01
rampdescent-walk,4,1.006124e+01
rampdescent-walk,4,3.508311e+01
rampdescent-walk,4,6.001750e+01
rampdescent-walk,4,8.503937e+01
idle,4,1.011236e+01
idle,4,3.505618e+01
idle,4,6.022472e+01
idle,4,8.516854e+01
idle,5,3.503591e+01
idle,5,6.001596e+01
idle,5,8.507582e+01
walk-rampascent,5,1.007353e+01
walk-rampascent,5,3.507353e+01
walk-rampascent,5,6.007353e+01
walk-rampascent,5,8.507353e+01
rampascent,5,1.001952e+01
rampascent,5,3.500325e+01
rampascent,5,6.005205e+01
rampascent,5,8.503578e+01
rampascent,5,1.002491e+01
rampascent,5,3.505604e+01
rampascent,5,6.002491e+01
rampascent,5,8.505604e+01
rampascent-walk,5,1.001757e+01
rampascent-walk,5,3.503222e+01
rampascent-walk,5,6.004687e+01
rampascent-walk,5,8.500293e+01
idle,5,1.001032e+01
idle,5,3.508772e+01
idle,5,6.006192e+01
idle,5,8.503612e+01
idle,5,1.002105e+01
idle,5,3.503158e+01
idle,5,6.004211e+01
idle,5,8.501053e+01
idle,5,1.003484e+01
idle,5,3.505226e+01
idle,5,6.006969e+01
idle,5,8.501742e+01
walk-rampdescent,5,1.000770e+01
walk-rampdescent,5,3.502694e+01
walk-rampdescent,5,6.004619e+01
walk-rampdescent,5,8.506543e+01
rampdescent,5,1.006711e+01
rampdescent,5,3.506711e+01
rampdescent,5,6.006711e+01
rampdescent,5,8.506711e+01
rampdescent,5,1.000927e+01
rampdescent,5,3.503244e+01
rampdescent,5,6.005561e+01
rampdescent,5,8.507878e+01
rampdescent,5,1.008029e+01
rampdescent,5,3.505798e+01
rampdescent,5,6.003568e+01
rampdescent,5,8.501338e+01
rampdescent-walk,5,1.006071e+01
rampdescent-walk,5,3.503903e+01
rampdescent-walk,5,6.001735e+01
rampdescent-walk,5,8.508239e+01
idle,5,1.012397e+01
idle,5,3.512397e+01
idle,5,6.012397e+01
idle,5,8.512397e+01
idle,1,6.012195e+01
idle,1,8.512195e+01
walk-rampascent,1,1.007494e+01
walk-rampascent,1,3.505412e+01
walk-rampascent,1,6.003331e+01
walk-rampascent,1,8.501249e+01
rampascent,1,1.006051e+01
rampascent,1,3.502269e+01
rampascent,1,6.006051e+01
rampascent,1,8.502269e+01
rampascent,1,1.006803e+01
rampascent,1,3.503401e+01
rampascent,1,6.006803e+01
rampascent,1,8.503401e+01
rampascent,1,1.006897e+01
rampascent,1,3.503448e+01
rampascent,1,6.006897e+01
rampascent,1,8.503448e+01
rampascent-walk,1,1.001757e+01
rampascent-walk,1,3.503222e+01
rampascent-walk,1,6.004687e+01
idle,1,8.500293e+01
idle,1,1.011494e+01
idle,1,3.505747e+01
idle,1,6.011494e+01
idle,1,8.505747e+01
idle,1,1.005291e+01
idle,1,3.507181e+01
idle,1,6.001512e+01
idle,1,8.503401e+01
idle,1,1.004566e+01
idle,1,3.504566e+01
idle,1,6.004566e+01
idle,1,8.504566e+01
walk-rampdescent,1,1.002004e+01
walk-rampdescent,1,3.500334e+01
walk-rampdescent,1,6.005344e+01
walk-rampdescent,1,8.503674e+01
rampdescent,1,1.003236e+01
rampdescent,1,3.503236e+01
rampdescent,1,6.003236e+01
rampdescent,1,8.503236e+01
rampdescent,1,1.002593e+01
rampdescent,1,3.500432e+01
rampdescent,1,6.006914e+01
rampdescent,1,8.504754e+01
rampdescent,1,1.000910e+01
rampdescent,1,3.503185e+01
rampdescent,1,6.005460e+01
rampdescent,1,8.507734e+01
rampdescent,1,1.006289e+01
rampdescent,1,3.501048e+01
rampdescent,1,6.006289e+01
rampdescent,1,8.501048e+01
rampdescent-walk,1,1.004016e+01
rampdescent-walk,1,3.502008e+01
rampdescent-walk,1,6.008032e+01
rampdescent-walk,1,8.506024e+01
idle,1,1.003937e+01
idle,1,3.503937e+01
idle,1,6.003937e+01
idle,1,8.503937e+01
idle,2,6.009615e+01
idle,2,8.509615e+01
walk-rampascent,2,1.005136e+01
walk-rampascent,2,3.506970e+01
walk-rampascent,2,6.001467e+01
walk-rampascent,2,8.503302e+01
rampascent,2,1.001902e+01
rampascent,2,3.500317e+01
rampascent,2,6.005073e+01
rampascent,2,8.503488e+01
rampascent,2,1.001688e+01
rampascent,2,3.500281e+01
rampascent,2,6.004502e+01
rampascent,2,8.503095e+01
rampascent,2,1.001821e+01
rampascent,2,3.503339e+01
rampascent,2,6.004857e+01
rampascent,2,8.500304e+01
rampascent-walk,2,1.003521e+01
rampascent-walk,2,3.503521e+01
rampascent-walk,2,6.003521e+01
idle,2,8.503521e+01
idle,2,1.006061e+01
idle,2,3.503030e+01
idle,2,6.012121e+01
idle,2,8.509091e+01
idle,2,1.000852e+01
idle,2,3.500852e+01
idle,2,6.000852e+01
idle,2,8.500852e+01
walk-rampdescent,2,1.006211e+01
walk-rampdescent,2,3.503106e+01
walk-rampdescent,2,6.006211e+01
walk-rampdescent,2,8.503106e+01
rampdescent,2,1.002674e+01
rampdescent,2,3.502674e+01
rampdescent,2,6.002674e+01
rampdescent,2,8.502674e+01
rampdescent,2,1.003040e+01
rampdescent,2,3.503040e+01
rampdescent,2,6.003040e+01
rampdescent,2,8.503040e+01
rampdescent,2,1.004498e+01
rampdescent,2,3.500750e+01
rampdescent,2,6.004498e+01
rampdescent,2,8.500750e+01
rampdescent,2,1.004673e+01
rampdescent,2,3.504673e+01
rampdescent,2,6.004673e+01
rampdescent,2,8.504673e+01
rampdescent-walk,2,1.004942e+01
rampdescent-walk,2,3.500824e+01
rampdescent-walk,2,6.004942e+01
rampdescent-walk,2,8.500824e+01
idle,3,6.007853e+01
idle,3,8.507853e+01
walk-rampascent,3,1.003891e+01
walk-rampascent,3,3.501946e+01
walk-rampascent,3,6.007782e+01
walk-rampascent,3,8.505837e+01
rampascent,3,1.005996e+01
rampascent,3,3.504330e+01
rampascent,3,6.002665e+01
rampascent,3,8.500999e+01
rampascent,3,1.004566e+01
rampascent,3,3.502935e+01
rampascent,3,6.001305e+01
rampascent,3,8.506197e+01
rampascent,3,1.005988e+01
rampascent,3,3.502994e+01
rampascent,3,6.005988e+01
rampascent,3,8.502994e+01
rampascent-walk,3,1.003757e+01
rampascent-walk,3,3.505099e+01
rampascent-walk,3,6.001074e+01
idle,3,8.502415e+01
idle,3,1.001252e+01
idle,3,3.504380e+01
idle,3,6.007509e+01
idle,3,8.510638e+01
idle,3,1.002340e+01
idle,3,3.502340e+01
idle,3,6.002340e+01
idle,3,8.502340e+01
walk-rampdescent,3,1.000603e+01
walk-rampdescent,3,3.502110e+01
walk-rampdescent,3,6.003617e+01
walk-rampdescent,3,8.505124e+01
rampdescent,3,1.001335e+01
rampdescent,3,3.504673e+01
rampdescent,3,6.001335e+01
rampdescent,3,8.504673e+01
rampdescent,3,1.004747e+01
rampdescent,3,3.504747e+01
rampdescent,3,6.004747e+01
rampdescent,3,8.504747e+01
rampdescent,3,1.004862e+01
rampdescent,3,3.500810e+01
rampdescent,3,6.004862e+01
rampdescent,3,8.500810e+01
rampdescent,3,1.000834e+01
rampdescent,3,3.502919e+01
rampdescent,3,6.005004e+01
rampdescent,3,8.507089e+01
rampdescent-walk,3,1.005111e+01
rampdescent-walk,3,3.500852e+01
rampdescent-walk,3,6.005111e+01
rampdescent-walk,3,8.500852e+01
idle,4,6.005188e+01
idle,4,8.508431e+01
walk-rampascent,4,1.005542e+01
walk-rampascent,4,3.507522e+01
walk-rampascent,4,6.001584e+01
walk-rampascent,4,8.503563e+01
rampascent,4,1.004243e+01
rampascent,4,3.500707e+01
rampascent,4,6.004243e+01
rampascent,4,8.500707e+01
rampascent,4,1.001292e+01
rampascent,4,3.501292e+01
rampascent,4,6.001292e+01
rampascent,4,8.501292e+01
rampascent,4,1.005780e+01
rampascent,4,3.502890e+01
rampascent,4,6.005780e+01
rampascent,4,8.502890e+01
rampascent-walk,4,1.004484e+01
rampascent-walk,4,3.502242e+01
idle,4,6.004484e+01
idle,4,8.502242e+01
idle,4,1.003501e+01
idle,4,3.500583e+01
idle,4,6.009335e+01
idle,4,8.506418e+01
idle,4,1.003075e+01
idle,4,3.501153e+01
idle,4,6.003075e+01
idle,4,8.501153e+01
walk-rampdescent,4,1.002506e+01
walk-rampdescent,4,3.502506e+01
walk-rampdescent,4,6.002506e+01
walk-rampdescent,4,8.502506e+01
rampdescent,4,1.002994e+01
rampdescent,4,3.502994e+01
rampdescent,4,6.002994e+01
rampdescent,4,8.502994e+01
rampdescent,4,1.006019e+01
rampdescent,4,3.508169e+01
rampdescent,4,6.001720e+01
rampdescent,4,8.503869e+01
rampdescent,4,1.004902e+01
rampdescent,4,3.504902e+01
rampdescent,4,6.004902e+01
rampdescent,4,8.504902e+01
rampdescent,4,1.005819e+01
rampdescent,4,3.507897e+01
rampdescent,4,6.001663e+01
rampdescent,4,8.503741e+01
rampdescent-walk,4,1.004367e+01
rampdescent-walk,4,3.502183e+01
rampdescent-walk,4,6.008734e+01
rampdescent-walk,4,8.506550e+01
idle,5,6.005362e+01
idle,5,8.512064e+01
walk-rampascent,5,1.003040e+01
walk-rampascent,5,3.503040e+01
walk-rampascent,5,6.003040e+01
walk-rampascent,5,8.503040e+01
rampascent,5,1.002179e+01
rampascent,5,3.500363e+01
rampascent,5,6.005810e+01
rampascent,5,8.503994e+01
rampascent,5,1.001965e+01
rampascent,5,3.503602e+01
rampascent,5,6.005239e+01
rampascent,5,8.500327e+01
rampascent,5,1.000629e+01
rampascent,5,3.505349e+01
rampascent,5,6.003776e+01
rampascent,5,8.502203e+01
rampascent-walk,5,1.004089e+01
rampascent-walk,5,3.502953e+01
idle,5,6.001817e+01
idle,5,8.500682e+01
idle,5,1.012500e+01
idle,5,3.512500e+01
idle,5,6.012500e+01
idle,5,8.512500e+01
idle,5,1.002961e+01
idle,5,3.501110e+01
idle,5,6.002961e+01
idle,5,8.501110e+01
walk-rampdescent,5,1.006494e+01
walk-rampdescent,5,3.506494e+01
walk-rampdescent,5,6.006494e+01
walk-rampdescent,5,8.506494e+01
rampdescent,5,1.006144e+01
rampdescent,5,3.502304e+01
rampdescent,5,6.006144e+01
rampdescent,5,8.502304e+01
rampdescent,5,1.008264e+01
rampdescent,5,3.504132e+01
rampdescent,5,6.008264e+01
rampdescent,5,8.504132e+01
rampdescent,5,1.008929e+01
rampdescent,5,3.508929e+01
rampdescent,5,6.008929e+01
rampdescent,5,8.508929e+01
rampdescent,5,1.001773e+01
rampdescent,5,3.501773e+01
rampdescent,5,6.001773e+01
rampdescent,5,8.501773e+01
rampdescent-walk,5,1.005338e+01
rampdescent-walk,5,3.505338e+01
rampdescent-walk,5,6.005338e+01
rampdescent-walk,5,8.505338e+01
idle,6,6.012903e+01
idle,6,8.503226e+01
walk-rampascent,6,1.001684e+01
walk-rampascent,6,3.501684e+01
walk-rampascent,6,6.001684e+01
walk-rampascent,6,8.501684e+01
rampascent,6,1.007692e+01
rampascent,6,3.507692e+01
rampascent,6,6.007692e+01
rampascent,6,8.507692e+01
rampascent,6,1.004071e+01
rampascent,6,3.500678e+01
rampascent,6,6.004071e+01
rampascent,6,8.500678e+01
rampascent,6,1.003937e+01
rampascent,6,3.503937e+01
rampascent,6,6.003937e+01
rampascent,6,8.503937e+01
rampascent-walk,6,1.000516e+01
rampascent-walk,6,3.501805e+01
rampascent-walk,6,6.003094e+01
idle,6,8.504384e+01
idle,6,1.007282e+01
idle,6,3.507282e+01
idle,6,6.007282e+01
idle,6,8.507282e+01
idle,6,1.003778e+01
idle,6,3.502428e+01
idle,6,6.001079e+01
idle,6,8.505127e+01
idle,6,1.012483e+01
idle,6,3.509015e+01
idle,6,6.005548e+01
idle,6,8.502080e+01
walk-rampdescent,6,1.006757e+01
walk-rampdescent,6,3.506757e+01
walk-rampdescent,6,6.006757e+01
walk-rampdescent,6,8.506757e+01
rampdescent,6,1.006662e+01
rampdescent,6,3.501110e+01
rampdescent,6,6.002961e+01
rampdescent,6,8.504811e+01
rampdescent,6,1.004710e+01
rampdescent,6,3.500785e+01
rampdescent,6,6.004710e+01
rampdescent,6,8.500785e+01
rampdescent,6,1.009174e+01
rampdescent,6,3.504587e+01
rampdescent,6,6.009174e+01
rampdescent,6,8.504587e+01
rampdescent,6,1.006289e+01
rampdescent,6,3.504043e+01
rampdescent,6,6.001797e+01
rampdescent,6,8.508535e+01
rampdescent-walk,6,1.004525e+01
rampdescent-walk,6,3.502262e+01
rampdescent-walk,6,6.009050e+01
rampdescent-walk,6,8.506787e+01
